sample_id,image_path,label,label_id
3,data/processed/frames/769/w00001_f00.jpg,medium,1
4,data/processed/frames/769/w00001_f01.jpg,medium,1
5,data/processed/frames/769/w00001_f02.jpg,medium,1
6,data/processed/frames/769/w00002_f00.jpg,medium,1
7,data/processed/frames/769/w00002_f01.jpg,medium,1
8,data/processed/frames/769/w00002_f02.jpg,medium,1
9,data/processed/frames/769/w00003_f00.jpg,medium,1
10,data/processed/frames/769/w00003_f01.jpg,medium,1
11,data/processed/frames/769/w00003_f02.jpg,medium,1
12,data/processed/frames/769/w00004_f00.jpg,high,2
13,data/processed/frames/769/w00004_f01.jpg,high,2
14,data/processed/frames/769/w00004_f02.jpg,high,2
18,data/processed/frames/769/w00006_f00.jpg,high,2
19,data/processed/frames/769/w00006_f01.jpg,high,2
20,data/processed/frames/769/w00006_f02.jpg,high,2
21,data/processed/frames/769/w00007_f00.jpg,high,2
22,data/processed/frames/769/w00007_f01.jpg,high,2
23,data/processed/frames/769/w00007_f02.jpg,high,2
24,data/processed/frames/769/w00008_f00.jpg,high,2
25,data/processed/frames/769/w00008_f01.jpg,high,2
26,data/processed/frames/769/w00008_f02.jpg,high,2
30,data/processed/frames/769/w00010_f00.jpg,medium,1
31,data/processed/frames/769/w00010_f01.jpg,medium,1
32,data/processed/frames/769/w00010_f02.jpg,medium,1
33,data/processed/frames/769/w00011_f00.jpg,medium,1
34,data/processed/frames/769/w00011_f01.jpg,medium,1
35,data/processed/frames/769/w00011_f02.jpg,medium,1
36,data/processed/frames/769/w00012_f00.jpg,medium,1
37,data/processed/frames/769/w00012_f01.jpg,medium,1
38,data/processed/frames/769/w00012_f02.jpg,medium,1
39,data/processed/frames/769/w00013_f00.jpg,medium,1
40,data/processed/frames/769/w00013_f01.jpg,medium,1
41,data/processed/frames/769/w00013_f02.jpg,medium,1
42,data/processed/frames/769/w00014_f00.jpg,medium,1
43,data/processed/frames/769/w00014_f01.jpg,medium,1
44,data/processed/frames/769/w00014_f02.jpg,medium,1
45,data/processed/frames/769/w00015_f00.jpg,medium,1
46,data/processed/frames/769/w00015_f01.jpg,medium,1
47,data/processed/frames/769/w00015_f02.jpg,medium,1
48,data/processed/frames/769/w00016_f00.jpg,medium,1
49,data/processed/frames/769/w00016_f01.jpg,medium,1
50,data/processed/frames/769/w00016_f02.jpg,medium,1
54,data/processed/frames/769/w00018_f00.jpg,medium,1
55,data/processed/frames/769/w00018_f01.jpg,medium,1
56,data/processed/frames/769/w00018_f02.jpg,medium,1
57,data/processed/frames/769/w00019_f00.jpg,medium,1
58,data/processed/frames/769/w00019_f01.jpg,medium,1
59,data/processed/frames/769/w00019_f02.jpg,medium,1
60,data/processed/frames/769/w00020_f00.jpg,medium,1
61,data/processed/frames/769/w00020_f01.jpg,medium,1
62,data/processed/frames/769/w00020_f02.jpg,medium,1
63,data/processed/frames/769/w00021_f00.jpg,medium,1
64,data/processed/frames/769/w00021_f01.jpg,medium,1
65,data/processed/frames/769/w00021_f02.jpg,medium,1
66,data/processed/frames/769/w00022_f00.jpg,medium,1
67,data/processed/frames/769/w00022_f01.jpg,medium,1
68,data/processed/frames/769/w00022_f02.jpg,medium,1
69,data/processed/frames/769/w00023_f00.jpg,medium,1
70,data/processed/frames/769/w00023_f01.jpg,medium,1
71,data/processed/frames/769/w00023_f02.jpg,medium,1
75,data/processed/frames/769/w00025_f00.jpg,medium,1
76,data/processed/frames/769/w00025_f01.jpg,medium,1
77,data/processed/frames/769/w00025_f02.jpg,medium,1
78,data/processed/frames/769/w00026_f00.jpg,medium,1
79,data/processed/frames/769/w00026_f01.jpg,medium,1
80,data/processed/frames/769/w00026_f02.jpg,medium,1
84,data/processed/frames/769/w00028_f00.jpg,medium,1
85,data/processed/frames/769/w00028_f01.jpg,medium,1
86,data/processed/frames/769/w00028_f02.jpg,medium,1
87,data/processed/frames/769/w00029_f00.jpg,medium,1
88,data/processed/frames/769/w00029_f01.jpg,medium,1
89,data/processed/frames/769/w00029_f02.jpg,medium,1
96,data/processed/frames/769/w00032_f00.jpg,medium,1
97,data/processed/frames/769/w00032_f01.jpg,medium,1
98,data/processed/frames/769/w00032_f02.jpg,medium,1
99,data/processed/frames/769/w00033_f00.jpg,medium,1
100,data/processed/frames/769/w00033_f01.jpg,medium,1
101,data/processed/frames/769/w00033_f02.jpg,medium,1
102,data/processed/frames/769/w00034_f00.jpg,medium,1
103,data/processed/frames/769/w00034_f01.jpg,medium,1
104,data/processed/frames/769/w00034_f02.jpg,medium,1
105,data/processed/frames/769/w00035_f00.jpg,medium,1
106,data/processed/frames/769/w00035_f01.jpg,medium,1
107,data/processed/frames/769/w00035_f02.jpg,medium,1
108,data/processed/frames/769/w00036_f00.jpg,medium,1
109,data/processed/frames/769/w00036_f01.jpg,medium,1
110,data/processed/frames/769/w00036_f02.jpg,medium,1
111,data/processed/frames/769/w00037_f00.jpg,low,0
112,data/processed/frames/769/w00037_f01.jpg,low,0
113,data/processed/frames/769/w00037_f02.jpg,low,0
117,data/processed/frames/769/w00039_f00.jpg,low,0
118,data/processed/frames/769/w00039_f01.jpg,low,0
119,data/processed/frames/769/w00039_f02.jpg,low,0
120,data/processed/frames/769/w00040_f00.jpg,low,0
121,data/processed/frames/769/w00040_f01.jpg,low,0
122,data/processed/frames/769/w00040_f02.jpg,low,0
123,data/processed/frames/769/w00041_f00.jpg,low,0
124,data/processed/frames/769/w00041_f01.jpg,low,0
125,data/processed/frames/769/w00041_f02.jpg,low,0
126,data/processed/frames/769/w00042_f00.jpg,medium,1
127,data/processed/frames/769/w00042_f01.jpg,medium,1
128,data/processed/frames/769/w00042_f02.jpg,medium,1
129,data/processed/frames/769/w00043_f00.jpg,medium,1
130,data/processed/frames/769/w00043_f01.jpg,medium,1
131,data/processed/frames/769/w00043_f02.jpg,medium,1
132,data/processed/frames/769/w00044_f00.jpg,high,2
133,data/processed/frames/769/w00044_f01.jpg,high,2
134,data/processed/frames/769/w00044_f02.jpg,high,2
135,data/processed/frames/769/w00045_f00.jpg,high,2
136,data/processed/frames/769/w00045_f01.jpg,high,2
137,data/processed/frames/769/w00045_f02.jpg,high,2
141,data/processed/frames/769/w00047_f00.jpg,medium,1
142,data/processed/frames/769/w00047_f01.jpg,medium,1
143,data/processed/frames/769/w00047_f02.jpg,medium,1
144,data/processed/frames/769/w00048_f00.jpg,medium,1
145,data/processed/frames/769/w00048_f01.jpg,medium,1
146,data/processed/frames/769/w00048_f02.jpg,medium,1
150,data/processed/frames/769/w00050_f00.jpg,low,0
151,data/processed/frames/769/w00050_f01.jpg,low,0
152,data/processed/frames/769/w00050_f02.jpg,low,0
153,data/processed/frames/769/w00051_f00.jpg,medium,1
154,data/processed/frames/769/w00051_f01.jpg,medium,1
155,data/processed/frames/769/w00051_f02.jpg,medium,1
156,data/processed/frames/769/w00052_f00.jpg,low,0
157,data/processed/frames/769/w00052_f01.jpg,low,0
158,data/processed/frames/769/w00052_f02.jpg,low,0
159,data/processed/frames/769/w00053_f00.jpg,medium,1
160,data/processed/frames/769/w00053_f01.jpg,medium,1
161,data/processed/frames/769/w00053_f02.jpg,medium,1
165,data/processed/frames/769/w00055_f00.jpg,medium,1
166,data/processed/frames/769/w00055_f01.jpg,medium,1
167,data/processed/frames/769/w00055_f02.jpg,medium,1
168,data/processed/frames/769/w00056_f00.jpg,medium,1
169,data/processed/frames/769/w00056_f01.jpg,medium,1
170,data/processed/frames/769/w00056_f02.jpg,medium,1
171,data/processed/frames/769/w00057_f00.jpg,medium,1
172,data/processed/frames/769/w00057_f01.jpg,medium,1
173,data/processed/frames/769/w00057_f02.jpg,medium,1
174,data/processed/frames/770/w00000_f00.jpg,medium,1
175,data/processed/frames/770/w00000_f01.jpg,medium,1
176,data/processed/frames/770/w00000_f02.jpg,medium,1
177,data/processed/frames/770/w00001_f00.jpg,medium,1
178,data/processed/frames/770/w00001_f01.jpg,medium,1
179,data/processed/frames/770/w00001_f02.jpg,medium,1
183,data/processed/frames/770/w00003_f00.jpg,high,2
184,data/processed/frames/770/w00003_f01.jpg,high,2
185,data/processed/frames/770/w00003_f02.jpg,high,2
186,data/processed/frames/770/w00004_f00.jpg,high,2
187,data/processed/frames/770/w00004_f01.jpg,high,2
188,data/processed/frames/770/w00004_f02.jpg,high,2
189,data/processed/frames/770/w00005_f00.jpg,high,2
190,data/processed/frames/770/w00005_f01.jpg,high,2
191,data/processed/frames/770/w00005_f02.jpg,high,2
192,data/processed/frames/770/w00006_f00.jpg,high,2
193,data/processed/frames/770/w00006_f01.jpg,high,2
194,data/processed/frames/770/w00006_f02.jpg,high,2
201,data/processed/frames/770/w00009_f00.jpg,medium,1
202,data/processed/frames/770/w00009_f01.jpg,medium,1
203,data/processed/frames/770/w00009_f02.jpg,medium,1
204,data/processed/frames/770/w00010_f00.jpg,medium,1
205,data/processed/frames/770/w00010_f01.jpg,medium,1
206,data/processed/frames/770/w00010_f02.jpg,medium,1
213,data/processed/frames/770/w00013_f00.jpg,medium,1
214,data/processed/frames/770/w00013_f01.jpg,medium,1
215,data/processed/frames/770/w00013_f02.jpg,medium,1
216,data/processed/frames/770/w00014_f00.jpg,medium,1
217,data/processed/frames/770/w00014_f01.jpg,medium,1
218,data/processed/frames/770/w00014_f02.jpg,medium,1
219,data/processed/frames/770/w00015_f00.jpg,low,0
220,data/processed/frames/770/w00015_f01.jpg,low,0
221,data/processed/frames/770/w00015_f02.jpg,low,0
225,data/processed/frames/770/w00017_f00.jpg,medium,1
226,data/processed/frames/770/w00017_f01.jpg,medium,1
227,data/processed/frames/770/w00017_f02.jpg,medium,1
231,data/processed/frames/770/w00019_f00.jpg,low,0
232,data/processed/frames/770/w00019_f01.jpg,low,0
233,data/processed/frames/770/w00019_f02.jpg,low,0
240,data/processed/frames/770/w00022_f00.jpg,medium,1
241,data/processed/frames/770/w00022_f01.jpg,medium,1
242,data/processed/frames/770/w00022_f02.jpg,medium,1
243,data/processed/frames/770/w00023_f00.jpg,medium,1
244,data/processed/frames/770/w00023_f01.jpg,medium,1
245,data/processed/frames/770/w00023_f02.jpg,medium,1
246,data/processed/frames/770/w00024_f00.jpg,medium,1
247,data/processed/frames/770/w00024_f01.jpg,medium,1
248,data/processed/frames/770/w00024_f02.jpg,medium,1
249,data/processed/frames/770/w00025_f00.jpg,high,2
250,data/processed/frames/770/w00025_f01.jpg,high,2
251,data/processed/frames/770/w00025_f02.jpg,high,2
252,data/processed/frames/770/w00026_f00.jpg,high,2
253,data/processed/frames/770/w00026_f01.jpg,high,2
254,data/processed/frames/770/w00026_f02.jpg,high,2
258,data/processed/frames/770/w00028_f00.jpg,high,2
259,data/processed/frames/770/w00028_f01.jpg,high,2
260,data/processed/frames/770/w00028_f02.jpg,high,2
261,data/processed/frames/770/w00029_f00.jpg,high,2
262,data/processed/frames/770/w00029_f01.jpg,high,2
263,data/processed/frames/770/w00029_f02.jpg,high,2
267,data/processed/frames/770/w00031_f00.jpg,medium,1
268,data/processed/frames/770/w00031_f01.jpg,medium,1
269,data/processed/frames/770/w00031_f02.jpg,medium,1
273,data/processed/frames/770/w00033_f00.jpg,medium,1
274,data/processed/frames/770/w00033_f01.jpg,medium,1
275,data/processed/frames/770/w00033_f02.jpg,medium,1
276,data/processed/frames/770/w00034_f00.jpg,medium,1
277,data/processed/frames/770/w00034_f01.jpg,medium,1
278,data/processed/frames/770/w00034_f02.jpg,medium,1
282,data/processed/frames/770/w00036_f00.jpg,medium,1
283,data/processed/frames/770/w00036_f01.jpg,medium,1
284,data/processed/frames/770/w00036_f02.jpg,medium,1
285,data/processed/frames/770/w00037_f00.jpg,medium,1
286,data/processed/frames/770/w00037_f01.jpg,medium,1
287,data/processed/frames/770/w00037_f02.jpg,medium,1
288,data/processed/frames/770/w00038_f00.jpg,medium,1
289,data/processed/frames/770/w00038_f01.jpg,medium,1
290,data/processed/frames/770/w00038_f02.jpg,medium,1
291,data/processed/frames/770/w00039_f00.jpg,medium,1
292,data/processed/frames/770/w00039_f01.jpg,medium,1
293,data/processed/frames/770/w00039_f02.jpg,medium,1
300,data/processed/frames/770/w00042_f00.jpg,high,2
301,data/processed/frames/770/w00042_f01.jpg,high,2
302,data/processed/frames/770/w00042_f02.jpg,high,2
303,data/processed/frames/770/w00043_f00.jpg,high,2
304,data/processed/frames/770/w00043_f01.jpg,high,2
305,data/processed/frames/770/w00043_f02.jpg,high,2
306,data/processed/frames/770/w00044_f00.jpg,high,2
307,data/processed/frames/770/w00044_f01.jpg,high,2
308,data/processed/frames/770/w00044_f02.jpg,high,2
309,data/processed/frames/770/w00045_f00.jpg,high,2
310,data/processed/frames/770/w00045_f01.jpg,high,2
311,data/processed/frames/770/w00045_f02.jpg,high,2
312,data/processed/frames/770/w00046_f00.jpg,high,2
313,data/processed/frames/770/w00046_f01.jpg,high,2
314,data/processed/frames/770/w00046_f02.jpg,high,2
315,data/processed/frames/770/w00047_f00.jpg,high,2
316,data/processed/frames/770/w00047_f01.jpg,high,2
317,data/processed/frames/770/w00047_f02.jpg,high,2
318,data/processed/frames/770/w00048_f00.jpg,high,2
319,data/processed/frames/770/w00048_f01.jpg,high,2
320,data/processed/frames/770/w00048_f02.jpg,high,2
321,data/processed/frames/770/w00049_f00.jpg,high,2
322,data/processed/frames/770/w00049_f01.jpg,high,2
323,data/processed/frames/770/w00049_f02.jpg,high,2
324,data/processed/frames/770/w00050_f00.jpg,medium,1
325,data/processed/frames/770/w00050_f01.jpg,medium,1
326,data/processed/frames/770/w00050_f02.jpg,medium,1
327,data/processed/frames/770/w00051_f00.jpg,low,0
328,data/processed/frames/770/w00051_f01.jpg,low,0
329,data/processed/frames/770/w00051_f02.jpg,low,0
333,data/processed/frames/770/w00053_f00.jpg,low,0
334,data/processed/frames/770/w00053_f01.jpg,low,0
335,data/processed/frames/770/w00053_f02.jpg,low,0
336,data/processed/frames/770/w00054_f00.jpg,low,0
337,data/processed/frames/770/w00054_f01.jpg,low,0
338,data/processed/frames/770/w00054_f02.jpg,low,0
339,data/processed/frames/770/w00055_f00.jpg,low,0
340,data/processed/frames/770/w00055_f01.jpg,low,0
341,data/processed/frames/770/w00055_f02.jpg,low,0
345,data/processed/frames/770/w00057_f00.jpg,low,0
346,data/processed/frames/770/w00057_f01.jpg,low,0
347,data/processed/frames/770/w00057_f02.jpg,low,0
348,data/processed/frames/770/w00058_f00.jpg,medium,1
349,data/processed/frames/771/w00000_f00.jpg,medium,1
350,data/processed/frames/771/w00000_f01.jpg,medium,1
351,data/processed/frames/771/w00000_f02.jpg,medium,1
352,data/processed/frames/771/w00001_f00.jpg,high,2
353,data/processed/frames/771/w00001_f01.jpg,high,2
354,data/processed/frames/771/w00001_f02.jpg,high,2
355,data/processed/frames/771/w00002_f00.jpg,high,2
356,data/processed/frames/771/w00002_f01.jpg,high,2
357,data/processed/frames/771/w00002_f02.jpg,high,2
358,data/processed/frames/771/w00003_f00.jpg,medium,1
359,data/processed/frames/771/w00003_f01.jpg,medium,1
360,data/processed/frames/771/w00003_f02.jpg,medium,1
361,data/processed/frames/771/w00004_f00.jpg,high,2
362,data/processed/frames/771/w00004_f01.jpg,high,2
363,data/processed/frames/771/w00004_f02.jpg,high,2
364,data/processed/frames/771/w00005_f00.jpg,high,2
365,data/processed/frames/771/w00005_f01.jpg,high,2
366,data/processed/frames/771/w00005_f02.jpg,high,2
370,data/processed/frames/771/w00007_f00.jpg,high,2
371,data/processed/frames/771/w00007_f01.jpg,high,2
372,data/processed/frames/771/w00007_f02.jpg,high,2
373,data/processed/frames/771/w00008_f00.jpg,high,2
374,data/processed/frames/771/w00008_f01.jpg,high,2
375,data/processed/frames/771/w00008_f02.jpg,high,2
379,data/processed/frames/771/w00010_f00.jpg,high,2
380,data/processed/frames/771/w00010_f01.jpg,high,2
381,data/processed/frames/771/w00010_f02.jpg,high,2
382,data/processed/frames/771/w00011_f00.jpg,high,2
383,data/processed/frames/771/w00011_f01.jpg,high,2
384,data/processed/frames/771/w00011_f02.jpg,high,2
385,data/processed/frames/771/w00012_f00.jpg,medium,1
386,data/processed/frames/771/w00012_f01.jpg,medium,1
387,data/processed/frames/771/w00012_f02.jpg,medium,1
388,data/processed/frames/771/w00013_f00.jpg,low,0
389,data/processed/frames/771/w00013_f01.jpg,low,0
390,data/processed/frames/771/w00013_f02.jpg,low,0
397,data/processed/frames/771/w00016_f00.jpg,low,0
398,data/processed/frames/771/w00016_f01.jpg,low,0
399,data/processed/frames/771/w00016_f02.jpg,low,0
400,data/processed/frames/771/w00017_f00.jpg,low,0
401,data/processed/frames/771/w00017_f01.jpg,low,0
402,data/processed/frames/771/w00017_f02.jpg,low,0
403,data/processed/frames/771/w00018_f00.jpg,medium,1
404,data/processed/frames/771/w00018_f01.jpg,medium,1
405,data/processed/frames/771/w00018_f02.jpg,medium,1
406,data/processed/frames/771/w00019_f00.jpg,medium,1
407,data/processed/frames/771/w00019_f01.jpg,medium,1
408,data/processed/frames/771/w00019_f02.jpg,medium,1
412,data/processed/frames/771/w00021_f00.jpg,medium,1
413,data/processed/frames/771/w00021_f01.jpg,medium,1
414,data/processed/frames/771/w00021_f02.jpg,medium,1
415,data/processed/frames/771/w00022_f00.jpg,medium,1
416,data/processed/frames/771/w00022_f01.jpg,medium,1
417,data/processed/frames/771/w00022_f02.jpg,medium,1
418,data/processed/frames/771/w00023_f00.jpg,medium,1
419,data/processed/frames/771/w00023_f01.jpg,medium,1
420,data/processed/frames/771/w00023_f02.jpg,medium,1
421,data/processed/frames/771/w00024_f00.jpg,medium,1
422,data/processed/frames/771/w00024_f01.jpg,medium,1
423,data/processed/frames/771/w00024_f02.jpg,medium,1
424,data/processed/frames/771/w00025_f00.jpg,high,2
425,data/processed/frames/771/w00025_f01.jpg,high,2
426,data/processed/frames/771/w00025_f02.jpg,high,2
427,data/processed/frames/771/w00026_f00.jpg,high,2
428,data/processed/frames/771/w00026_f01.jpg,high,2
429,data/processed/frames/771/w00026_f02.jpg,high,2
430,data/processed/frames/771/w00027_f00.jpg,high,2
431,data/processed/frames/771/w00027_f01.jpg,high,2
432,data/processed/frames/771/w00027_f02.jpg,high,2
433,data/processed/frames/771/w00028_f00.jpg,high,2
434,data/processed/frames/771/w00028_f01.jpg,high,2
435,data/processed/frames/771/w00028_f02.jpg,high,2
436,data/processed/frames/771/w00029_f00.jpg,high,2
437,data/processed/frames/771/w00029_f01.jpg,high,2
438,data/processed/frames/771/w00029_f02.jpg,high,2
439,data/processed/frames/771/w00030_f00.jpg,high,2
440,data/processed/frames/771/w00030_f01.jpg,high,2
441,data/processed/frames/771/w00030_f02.jpg,high,2
442,data/processed/frames/771/w00031_f00.jpg,high,2
443,data/processed/frames/771/w00031_f01.jpg,high,2
444,data/processed/frames/771/w00031_f02.jpg,high,2
445,data/processed/frames/771/w00032_f00.jpg,medium,1
446,data/processed/frames/771/w00032_f01.jpg,medium,1
447,data/processed/frames/771/w00032_f02.jpg,medium,1
448,data/processed/frames/771/w00033_f00.jpg,medium,1
449,data/processed/frames/771/w00033_f01.jpg,medium,1
450,data/processed/frames/771/w00033_f02.jpg,medium,1
451,data/processed/frames/771/w00034_f00.jpg,low,0
452,data/processed/frames/771/w00034_f01.jpg,low,0
453,data/processed/frames/771/w00034_f02.jpg,low,0
457,data/processed/frames/771/w00036_f00.jpg,low,0
458,data/processed/frames/771/w00036_f01.jpg,low,0
459,data/processed/frames/771/w00036_f02.jpg,low,0
460,data/processed/frames/771/w00037_f00.jpg,low,0
461,data/processed/frames/771/w00037_f01.jpg,low,0
462,data/processed/frames/771/w00037_f02.jpg,low,0
463,data/processed/frames/771/w00038_f00.jpg,medium,1
464,data/processed/frames/771/w00038_f01.jpg,medium,1
465,data/processed/frames/771/w00038_f02.jpg,medium,1
466,data/processed/frames/771/w00039_f00.jpg,medium,1
467,data/processed/frames/771/w00039_f01.jpg,medium,1
468,data/processed/frames/771/w00039_f02.jpg,medium,1
469,data/processed/frames/771/w00040_f00.jpg,medium,1
470,data/processed/frames/771/w00040_f01.jpg,medium,1
471,data/processed/frames/771/w00040_f02.jpg,medium,1
475,data/processed/frames/771/w00042_f00.jpg,medium,1
476,data/processed/frames/771/w00042_f01.jpg,medium,1
477,data/processed/frames/771/w00042_f02.jpg,medium,1
478,data/processed/frames/771/w00043_f00.jpg,medium,1
479,data/processed/frames/771/w00043_f01.jpg,medium,1
480,data/processed/frames/771/w00043_f02.jpg,medium,1
484,data/processed/frames/771/w00045_f00.jpg,high,2
485,data/processed/frames/771/w00045_f01.jpg,high,2
486,data/processed/frames/771/w00045_f02.jpg,high,2
496,data/processed/frames/771/w00049_f00.jpg,high,2
497,data/processed/frames/771/w00049_f01.jpg,high,2
498,data/processed/frames/771/w00049_f02.jpg,high,2
499,data/processed/frames/771/w00050_f00.jpg,medium,1
500,data/processed/frames/771/w00050_f01.jpg,medium,1
501,data/processed/frames/771/w00050_f02.jpg,medium,1
502,data/processed/frames/771/w00051_f00.jpg,medium,1
503,data/processed/frames/771/w00051_f01.jpg,medium,1
507,data/processed/frames/775/w00001_f00.jpg,low,0
508,data/processed/frames/775/w00001_f01.jpg,low,0
509,data/processed/frames/775/w00001_f02.jpg,low,0
510,data/processed/frames/775/w00002_f00.jpg,low,0
511,data/processed/frames/775/w00002_f01.jpg,low,0
512,data/processed/frames/775/w00002_f02.jpg,low,0
513,data/processed/frames/775/w00003_f00.jpg,medium,1
514,data/processed/frames/775/w00003_f01.jpg,medium,1
515,data/processed/frames/775/w00003_f02.jpg,medium,1
516,data/processed/frames/775/w00004_f00.jpg,low,0
517,data/processed/frames/775/w00004_f01.jpg,low,0
518,data/processed/frames/775/w00004_f02.jpg,low,0
519,data/processed/frames/775/w00005_f00.jpg,low,0
520,data/processed/frames/775/w00005_f01.jpg,low,0
521,data/processed/frames/775/w00005_f02.jpg,low,0
525,data/processed/frames/775/w00007_f00.jpg,medium,1
526,data/processed/frames/775/w00007_f01.jpg,medium,1
527,data/processed/frames/775/w00007_f02.jpg,medium,1
531,data/processed/frames/775/w00009_f00.jpg,medium,1
532,data/processed/frames/775/w00009_f01.jpg,medium,1
533,data/processed/frames/775/w00009_f02.jpg,medium,1
534,data/processed/frames/775/w00010_f00.jpg,medium,1
535,data/processed/frames/775/w00010_f01.jpg,medium,1
536,data/processed/frames/775/w00010_f02.jpg,medium,1
537,data/processed/frames/775/w00011_f00.jpg,medium,1
538,data/processed/frames/775/w00011_f01.jpg,medium,1
539,data/processed/frames/775/w00011_f02.jpg,medium,1
546,data/processed/frames/775/w00014_f00.jpg,high,2
547,data/processed/frames/775/w00014_f01.jpg,high,2
548,data/processed/frames/775/w00014_f02.jpg,high,2
552,data/processed/frames/775/w00016_f00.jpg,high,2
553,data/processed/frames/775/w00016_f01.jpg,high,2
554,data/processed/frames/775/w00016_f02.jpg,high,2
555,data/processed/frames/775/w00017_f00.jpg,high,2
556,data/processed/frames/775/w00017_f01.jpg,high,2
557,data/processed/frames/775/w00017_f02.jpg,high,2
570,data/processed/frames/775/w00022_f00.jpg,medium,1
571,data/processed/frames/775/w00022_f01.jpg,medium,1
572,data/processed/frames/775/w00022_f02.jpg,medium,1
576,data/processed/frames/775/w00024_f00.jpg,low,0
577,data/processed/frames/775/w00024_f01.jpg,low,0
578,data/processed/frames/775/w00024_f02.jpg,low,0
582,data/processed/frames/775/w00026_f00.jpg,medium,1
583,data/processed/frames/775/w00026_f01.jpg,medium,1
584,data/processed/frames/775/w00026_f02.jpg,medium,1
588,data/processed/frames/775/w00028_f00.jpg,medium,1
589,data/processed/frames/775/w00028_f01.jpg,medium,1
590,data/processed/frames/775/w00028_f02.jpg,medium,1
594,data/processed/frames/775/w00030_f00.jpg,medium,1
595,data/processed/frames/775/w00030_f01.jpg,medium,1
596,data/processed/frames/775/w00030_f02.jpg,medium,1
597,data/processed/frames/775/w00031_f00.jpg,medium,1
598,data/processed/frames/775/w00031_f01.jpg,medium,1
599,data/processed/frames/775/w00031_f02.jpg,medium,1
600,data/processed/frames/775/w00032_f00.jpg,medium,1
601,data/processed/frames/775/w00032_f01.jpg,medium,1
602,data/processed/frames/775/w00032_f02.jpg,medium,1
603,data/processed/frames/775/w00033_f00.jpg,medium,1
604,data/processed/frames/775/w00033_f01.jpg,medium,1
605,data/processed/frames/775/w00033_f02.jpg,medium,1
606,data/processed/frames/775/w00034_f00.jpg,medium,1
607,data/processed/frames/775/w00034_f01.jpg,medium,1
608,data/processed/frames/775/w00034_f02.jpg,medium,1
612,data/processed/frames/775/w00036_f00.jpg,medium,1
613,data/processed/frames/775/w00036_f01.jpg,medium,1
614,data/processed/frames/775/w00036_f02.jpg,medium,1
615,data/processed/frames/775/w00037_f00.jpg,medium,1
616,data/processed/frames/775/w00037_f01.jpg,medium,1
617,data/processed/frames/775/w00037_f02.jpg,medium,1
624,data/processed/frames/775/w00040_f00.jpg,medium,1
625,data/processed/frames/775/w00040_f01.jpg,medium,1
626,data/processed/frames/775/w00040_f02.jpg,medium,1
630,data/processed/frames/775/w00042_f00.jpg,medium,1
631,data/processed/frames/775/w00042_f01.jpg,medium,1
632,data/processed/frames/775/w00042_f02.jpg,medium,1
636,data/processed/frames/775/w00044_f00.jpg,medium,1
637,data/processed/frames/775/w00044_f01.jpg,medium,1
638,data/processed/frames/775/w00044_f02.jpg,medium,1
651,data/processed/frames/775/w00049_f00.jpg,medium,1
652,data/processed/frames/775/w00049_f01.jpg,medium,1
653,data/processed/frames/775/w00049_f02.jpg,medium,1
657,data/processed/frames/775/w00051_f00.jpg,medium,1
658,data/processed/frames/775/w00051_f01.jpg,medium,1
659,data/processed/frames/775/w00051_f02.jpg,medium,1
660,data/processed/frames/775/w00052_f00.jpg,medium,1
661,data/processed/frames/775/w00052_f01.jpg,medium,1
662,data/processed/frames/775/w00052_f02.jpg,medium,1
663,data/processed/frames/775/w00053_f00.jpg,medium,1
664,data/processed/frames/775/w00053_f01.jpg,medium,1
665,data/processed/frames/775/w00053_f02.jpg,medium,1
666,data/processed/frames/775/w00054_f00.jpg,medium,1
667,data/processed/frames/775/w00054_f01.jpg,medium,1
668,data/processed/frames/775/w00054_f02.jpg,medium,1
669,data/processed/frames/775/w00055_f00.jpg,high,2
670,data/processed/frames/775/w00055_f01.jpg,high,2
671,data/processed/frames/775/w00055_f02.jpg,high,2
672,data/processed/frames/775/w00056_f00.jpg,medium,1
673,data/processed/frames/775/w00056_f01.jpg,medium,1
674,data/processed/frames/775/w00056_f02.jpg,medium,1
675,data/processed/frames/775/w00057_f00.jpg,medium,1
676,data/processed/frames/775/w00057_f01.jpg,medium,1
677,data/processed/frames/775/w00057_f02.jpg,medium,1
678,data/processed/frames/776/w00000_f00.jpg,high,2
679,data/processed/frames/776/w00000_f01.jpg,high,2
680,data/processed/frames/776/w00000_f02.jpg,high,2
681,data/processed/frames/776/w00001_f00.jpg,medium,1
682,data/processed/frames/776/w00001_f01.jpg,medium,1
683,data/processed/frames/776/w00001_f02.jpg,medium,1
684,data/processed/frames/776/w00002_f00.jpg,medium,1
685,data/processed/frames/776/w00002_f01.jpg,medium,1
686,data/processed/frames/776/w00002_f02.jpg,medium,1
687,data/processed/frames/776/w00003_f00.jpg,medium,1
688,data/processed/frames/776/w00003_f01.jpg,medium,1
689,data/processed/frames/776/w00003_f02.jpg,medium,1
690,data/processed/frames/776/w00004_f00.jpg,medium,1
691,data/processed/frames/776/w00004_f01.jpg,medium,1
692,data/processed/frames/776/w00004_f02.jpg,medium,1
693,data/processed/frames/776/w00005_f00.jpg,low,0
694,data/processed/frames/776/w00005_f01.jpg,low,0
695,data/processed/frames/776/w00005_f02.jpg,low,0
696,data/processed/frames/776/w00006_f00.jpg,medium,1
697,data/processed/frames/776/w00006_f01.jpg,medium,1
698,data/processed/frames/776/w00006_f02.jpg,medium,1
702,data/processed/frames/776/w00008_f00.jpg,medium,1
703,data/processed/frames/776/w00008_f01.jpg,medium,1
704,data/processed/frames/776/w00008_f02.jpg,medium,1
708,data/processed/frames/776/w00010_f00.jpg,low,0
709,data/processed/frames/776/w00010_f01.jpg,low,0
710,data/processed/frames/776/w00010_f02.jpg,low,0
711,data/processed/frames/776/w00011_f00.jpg,low,0
712,data/processed/frames/776/w00011_f01.jpg,low,0
713,data/processed/frames/776/w00011_f02.jpg,low,0
717,data/processed/frames/776/w00013_f00.jpg,low,0
718,data/processed/frames/776/w00013_f01.jpg,low,0
719,data/processed/frames/776/w00013_f02.jpg,low,0
726,data/processed/frames/776/w00016_f00.jpg,high,2
727,data/processed/frames/776/w00016_f01.jpg,high,2
728,data/processed/frames/776/w00016_f02.jpg,high,2
732,data/processed/frames/776/w00018_f00.jpg,high,2
733,data/processed/frames/776/w00018_f01.jpg,high,2
734,data/processed/frames/776/w00018_f02.jpg,high,2
735,data/processed/frames/776/w00019_f00.jpg,high,2
736,data/processed/frames/776/w00019_f01.jpg,high,2
737,data/processed/frames/776/w00019_f02.jpg,high,2
738,data/processed/frames/776/w00020_f00.jpg,high,2
739,data/processed/frames/776/w00020_f01.jpg,high,2
740,data/processed/frames/776/w00020_f02.jpg,high,2
744,data/processed/frames/776/w00022_f00.jpg,medium,1
745,data/processed/frames/776/w00022_f01.jpg,medium,1
746,data/processed/frames/776/w00022_f02.jpg,medium,1
750,data/processed/frames/776/w00024_f00.jpg,medium,1
751,data/processed/frames/776/w00024_f01.jpg,medium,1
752,data/processed/frames/776/w00024_f02.jpg,medium,1
753,data/processed/frames/776/w00025_f00.jpg,medium,1
754,data/processed/frames/776/w00025_f01.jpg,medium,1
755,data/processed/frames/776/w00025_f02.jpg,medium,1
762,data/processed/frames/776/w00028_f00.jpg,medium,1
763,data/processed/frames/776/w00028_f01.jpg,medium,1
764,data/processed/frames/776/w00028_f02.jpg,medium,1
774,data/processed/frames/776/w00032_f00.jpg,medium,1
775,data/processed/frames/776/w00032_f01.jpg,medium,1
776,data/processed/frames/776/w00032_f02.jpg,medium,1
777,data/processed/frames/776/w00033_f00.jpg,medium,1
778,data/processed/frames/776/w00033_f01.jpg,medium,1
779,data/processed/frames/776/w00033_f02.jpg,medium,1
780,data/processed/frames/776/w00034_f00.jpg,high,2
781,data/processed/frames/776/w00034_f01.jpg,high,2
782,data/processed/frames/776/w00034_f02.jpg,high,2
783,data/processed/frames/776/w00035_f00.jpg,high,2
784,data/processed/frames/776/w00035_f01.jpg,high,2
785,data/processed/frames/776/w00035_f02.jpg,high,2
786,data/processed/frames/776/w00036_f00.jpg,high,2
787,data/processed/frames/776/w00036_f01.jpg,high,2
788,data/processed/frames/776/w00036_f02.jpg,high,2
789,data/processed/frames/776/w00037_f00.jpg,high,2
790,data/processed/frames/776/w00037_f01.jpg,high,2
791,data/processed/frames/776/w00037_f02.jpg,high,2
798,data/processed/frames/776/w00040_f00.jpg,high,2
799,data/processed/frames/776/w00040_f01.jpg,high,2
800,data/processed/frames/776/w00040_f02.jpg,high,2
804,data/processed/frames/776/w00042_f00.jpg,high,2
805,data/processed/frames/776/w00042_f01.jpg,high,2
806,data/processed/frames/776/w00042_f02.jpg,high,2
819,data/processed/frames/776/w00047_f00.jpg,low,0
820,data/processed/frames/776/w00047_f01.jpg,low,0
821,data/processed/frames/776/w00047_f02.jpg,low,0
822,data/processed/frames/776/w00048_f00.jpg,medium,1
823,data/processed/frames/776/w00048_f01.jpg,medium,1
824,data/processed/frames/776/w00048_f02.jpg,medium,1
825,data/processed/frames/776/w00049_f00.jpg,medium,1
826,data/processed/frames/776/w00049_f01.jpg,medium,1
827,data/processed/frames/776/w00049_f02.jpg,medium,1
828,data/processed/frames/776/w00050_f00.jpg,medium,1
829,data/processed/frames/776/w00050_f01.jpg,medium,1
830,data/processed/frames/776/w00050_f02.jpg,medium,1
831,data/processed/frames/776/w00051_f00.jpg,medium,1
832,data/processed/frames/776/w00051_f01.jpg,medium,1
833,data/processed/frames/776/w00051_f02.jpg,medium,1
834,data/processed/frames/776/w00052_f00.jpg,high,2
835,data/processed/frames/776/w00052_f01.jpg,high,2
836,data/processed/frames/776/w00052_f02.jpg,high,2
837,data/processed/frames/776/w00053_f00.jpg,high,2
838,data/processed/frames/776/w00053_f01.jpg,high,2
839,data/processed/frames/776/w00053_f02.jpg,high,2
840,data/processed/frames/776/w00054_f00.jpg,medium,1
841,data/processed/frames/776/w00054_f01.jpg,medium,1
842,data/processed/frames/776/w00054_f02.jpg,medium,1
843,data/processed/frames/776/w00055_f00.jpg,medium,1
844,data/processed/frames/776/w00055_f01.jpg,medium,1
845,data/processed/frames/776/w00055_f02.jpg,medium,1
846,data/processed/frames/776/w00056_f00.jpg,high,2
847,data/processed/frames/776/w00056_f01.jpg,high,2
848,data/processed/frames/776/w00056_f02.jpg,high,2
849,data/processed/frames/776/w00057_f00.jpg,high,2
850,data/processed/frames/776/w00057_f01.jpg,high,2
851,data/processed/frames/776/w00057_f02.jpg,high,2
855,data/processed/frames/777/w00001_f00.jpg,high,2
856,data/processed/frames/777/w00001_f01.jpg,high,2
857,data/processed/frames/777/w00001_f02.jpg,high,2
858,data/processed/frames/777/w00002_f00.jpg,high,2
859,data/processed/frames/777/w00002_f01.jpg,high,2
860,data/processed/frames/777/w00002_f02.jpg,high,2
864,data/processed/frames/777/w00004_f00.jpg,medium,1
865,data/processed/frames/777/w00004_f01.jpg,medium,1
866,data/processed/frames/777/w00004_f02.jpg,medium,1
867,data/processed/frames/777/w00005_f00.jpg,medium,1
868,data/processed/frames/777/w00005_f01.jpg,medium,1
869,data/processed/frames/777/w00005_f02.jpg,medium,1
870,data/processed/frames/777/w00006_f00.jpg,medium,1
871,data/processed/frames/777/w00006_f01.jpg,medium,1
872,data/processed/frames/777/w00006_f02.jpg,medium,1
873,data/processed/frames/777/w00007_f00.jpg,medium,1
874,data/processed/frames/777/w00007_f01.jpg,medium,1
875,data/processed/frames/777/w00007_f02.jpg,medium,1
876,data/processed/frames/777/w00008_f00.jpg,medium,1
877,data/processed/frames/777/w00008_f01.jpg,medium,1
878,data/processed/frames/777/w00008_f02.jpg,medium,1
879,data/processed/frames/777/w00009_f00.jpg,low,0
880,data/processed/frames/777/w00009_f01.jpg,low,0
881,data/processed/frames/777/w00009_f02.jpg,low,0
885,data/processed/frames/777/w00011_f00.jpg,medium,1
886,data/processed/frames/777/w00011_f01.jpg,medium,1
887,data/processed/frames/777/w00011_f02.jpg,medium,1
888,data/processed/frames/777/w00012_f00.jpg,low,0
889,data/processed/frames/777/w00012_f01.jpg,low,0
890,data/processed/frames/777/w00012_f02.jpg,low,0
891,data/processed/frames/777/w00013_f00.jpg,low,0
892,data/processed/frames/777/w00013_f01.jpg,low,0
893,data/processed/frames/777/w00013_f02.jpg,low,0
894,data/processed/frames/777/w00014_f00.jpg,low,0
895,data/processed/frames/777/w00014_f01.jpg,low,0
896,data/processed/frames/777/w00014_f02.jpg,low,0
897,data/processed/frames/777/w00015_f00.jpg,low,0
898,data/processed/frames/777/w00015_f01.jpg,low,0
899,data/processed/frames/777/w00015_f02.jpg,low,0
900,data/processed/frames/777/w00016_f00.jpg,low,0
901,data/processed/frames/777/w00016_f01.jpg,low,0
902,data/processed/frames/777/w00016_f02.jpg,low,0
903,data/processed/frames/777/w00017_f00.jpg,medium,1
904,data/processed/frames/777/w00017_f01.jpg,medium,1
905,data/processed/frames/777/w00017_f02.jpg,medium,1
912,data/processed/frames/777/w00020_f00.jpg,high,2
913,data/processed/frames/777/w00020_f01.jpg,high,2
914,data/processed/frames/777/w00020_f02.jpg,high,2
915,data/processed/frames/777/w00021_f00.jpg,high,2
916,data/processed/frames/777/w00021_f01.jpg,high,2
917,data/processed/frames/777/w00021_f02.jpg,high,2
918,data/processed/frames/777/w00022_f00.jpg,medium,1
919,data/processed/frames/777/w00022_f01.jpg,medium,1
920,data/processed/frames/777/w00022_f02.jpg,medium,1
924,data/processed/frames/777/w00024_f00.jpg,low,0
925,data/processed/frames/777/w00024_f01.jpg,low,0
926,data/processed/frames/777/w00024_f02.jpg,low,0
927,data/processed/frames/777/w00025_f00.jpg,low,0
928,data/processed/frames/777/w00025_f01.jpg,low,0
929,data/processed/frames/777/w00025_f02.jpg,low,0
930,data/processed/frames/777/w00026_f00.jpg,low,0
931,data/processed/frames/777/w00026_f01.jpg,low,0
932,data/processed/frames/777/w00026_f02.jpg,low,0
933,data/processed/frames/777/w00027_f00.jpg,medium,1
934,data/processed/frames/777/w00027_f01.jpg,medium,1
935,data/processed/frames/777/w00027_f02.jpg,medium,1
936,data/processed/frames/777/w00028_f00.jpg,medium,1
937,data/processed/frames/777/w00028_f01.jpg,medium,1
938,data/processed/frames/777/w00028_f02.jpg,medium,1
939,data/processed/frames/777/w00029_f00.jpg,medium,1
940,data/processed/frames/777/w00029_f01.jpg,medium,1
941,data/processed/frames/777/w00029_f02.jpg,medium,1
945,data/processed/frames/777/w00031_f00.jpg,medium,1
946,data/processed/frames/777/w00031_f01.jpg,medium,1
947,data/processed/frames/777/w00031_f02.jpg,medium,1
948,data/processed/frames/777/w00032_f00.jpg,medium,1
949,data/processed/frames/777/w00032_f01.jpg,medium,1
950,data/processed/frames/777/w00032_f02.jpg,medium,1
951,data/processed/frames/777/w00033_f00.jpg,medium,1
952,data/processed/frames/777/w00033_f01.jpg,medium,1
953,data/processed/frames/777/w00033_f02.jpg,medium,1
954,data/processed/frames/777/w00034_f00.jpg,medium,1
955,data/processed/frames/777/w00034_f01.jpg,medium,1
956,data/processed/frames/777/w00034_f02.jpg,medium,1
963,data/processed/frames/777/w00037_f00.jpg,medium,1
964,data/processed/frames/777/w00037_f01.jpg,medium,1
965,data/processed/frames/777/w00037_f02.jpg,medium,1
966,data/processed/frames/777/w00038_f00.jpg,medium,1
967,data/processed/frames/777/w00038_f01.jpg,medium,1
968,data/processed/frames/777/w00038_f02.jpg,medium,1
972,data/processed/frames/778/w00000_f00.jpg,high,2
973,data/processed/frames/778/w00000_f01.jpg,high,2
974,data/processed/frames/778/w00000_f02.jpg,high,2
984,data/processed/frames/778/w00004_f00.jpg,high,2
985,data/processed/frames/778/w00004_f01.jpg,high,2
986,data/processed/frames/778/w00004_f02.jpg,high,2
993,data/processed/frames/778/w00007_f00.jpg,high,2
994,data/processed/frames/778/w00007_f01.jpg,high,2
995,data/processed/frames/778/w00007_f02.jpg,high,2
999,data/processed/frames/778/w00009_f00.jpg,medium,1
1000,data/processed/frames/778/w00009_f01.jpg,medium,1
1001,data/processed/frames/778/w00009_f02.jpg,medium,1
1005,data/processed/frames/778/w00011_f00.jpg,medium,1
1006,data/processed/frames/778/w00011_f01.jpg,medium,1
1007,data/processed/frames/778/w00011_f02.jpg,medium,1
1008,data/processed/frames/778/w00012_f00.jpg,low,0
1009,data/processed/frames/778/w00012_f01.jpg,low,0
1010,data/processed/frames/778/w00012_f02.jpg,low,0
1017,data/processed/frames/778/w00015_f00.jpg,low,0
1018,data/processed/frames/778/w00015_f01.jpg,low,0
1019,data/processed/frames/778/w00015_f02.jpg,low,0
1020,data/processed/frames/778/w00016_f00.jpg,low,0
1021,data/processed/frames/778/w00016_f01.jpg,low,0
1022,data/processed/frames/778/w00016_f02.jpg,low,0
1023,data/processed/frames/778/w00017_f00.jpg,low,0
1024,data/processed/frames/778/w00017_f01.jpg,low,0
1025,data/processed/frames/778/w00017_f02.jpg,low,0
1026,data/processed/frames/778/w00018_f00.jpg,low,0
1027,data/processed/frames/778/w00018_f01.jpg,low,0
1028,data/processed/frames/778/w00018_f02.jpg,low,0
1029,data/processed/frames/778/w00019_f00.jpg,low,0
1030,data/processed/frames/778/w00019_f01.jpg,low,0
1031,data/processed/frames/778/w00019_f02.jpg,low,0
1035,data/processed/frames/778/w00021_f00.jpg,medium,1
1036,data/processed/frames/778/w00021_f01.jpg,medium,1
1037,data/processed/frames/778/w00021_f02.jpg,medium,1
1038,data/processed/frames/778/w00022_f00.jpg,medium,1
1039,data/processed/frames/778/w00022_f01.jpg,medium,1
1040,data/processed/frames/778/w00022_f02.jpg,medium,1
1044,data/processed/frames/778/w00024_f00.jpg,medium,1
1045,data/processed/frames/778/w00024_f01.jpg,medium,1
1046,data/processed/frames/778/w00024_f02.jpg,medium,1
1047,data/processed/frames/778/w00025_f00.jpg,medium,1
1048,data/processed/frames/778/w00025_f01.jpg,medium,1
1049,data/processed/frames/778/w00025_f02.jpg,medium,1
1050,data/processed/frames/778/w00026_f00.jpg,medium,1
1051,data/processed/frames/778/w00026_f01.jpg,medium,1
1052,data/processed/frames/778/w00026_f02.jpg,medium,1
1053,data/processed/frames/778/w00027_f00.jpg,medium,1
1054,data/processed/frames/778/w00027_f01.jpg,medium,1
1055,data/processed/frames/778/w00027_f02.jpg,medium,1
1056,data/processed/frames/778/w00028_f00.jpg,low,0
1057,data/processed/frames/778/w00028_f01.jpg,low,0
1058,data/processed/frames/778/w00028_f02.jpg,low,0
1059,data/processed/frames/778/w00029_f00.jpg,low,0
1060,data/processed/frames/778/w00029_f01.jpg,low,0
1061,data/processed/frames/778/w00029_f02.jpg,low,0
1062,data/processed/frames/778/w00030_f00.jpg,medium,1
1063,data/processed/frames/778/w00030_f01.jpg,medium,1
1064,data/processed/frames/778/w00030_f02.jpg,medium,1
1065,data/processed/frames/778/w00031_f00.jpg,medium,1
1066,data/processed/frames/778/w00031_f01.jpg,medium,1
1067,data/processed/frames/778/w00031_f02.jpg,medium,1
1068,data/processed/frames/778/w00032_f00.jpg,medium,1
1069,data/processed/frames/778/w00032_f01.jpg,medium,1
1070,data/processed/frames/778/w00032_f02.jpg,medium,1
1074,data/processed/frames/778/w00034_f00.jpg,medium,1
1075,data/processed/frames/778/w00034_f01.jpg,medium,1
1076,data/processed/frames/778/w00034_f02.jpg,medium,1
1077,data/processed/frames/778/w00035_f00.jpg,medium,1
1078,data/processed/frames/778/w00035_f01.jpg,medium,1
1079,data/processed/frames/778/w00035_f02.jpg,medium,1
1080,data/processed/frames/778/w00036_f00.jpg,medium,1
1081,data/processed/frames/778/w00036_f01.jpg,medium,1
1082,data/processed/frames/778/w00036_f02.jpg,medium,1
1083,data/processed/frames/778/w00037_f00.jpg,medium,1
1084,data/processed/frames/778/w00037_f01.jpg,medium,1
1085,data/processed/frames/778/w00037_f02.jpg,medium,1
1086,data/processed/frames/778/w00038_f00.jpg,medium,1
1087,data/processed/frames/778/w00038_f01.jpg,medium,1
1088,data/processed/frames/778/w00038_f02.jpg,medium,1
1089,data/processed/frames/778/w00039_f00.jpg,medium,1
1090,data/processed/frames/778/w00039_f01.jpg,medium,1
1091,data/processed/frames/778/w00039_f02.jpg,medium,1
1092,data/processed/frames/778/w00040_f00.jpg,medium,1
1093,data/processed/frames/778/w00040_f01.jpg,medium,1
1094,data/processed/frames/778/w00040_f02.jpg,medium,1
1095,data/processed/frames/778/w00041_f00.jpg,medium,1
1096,data/processed/frames/778/w00041_f01.jpg,medium,1
1097,data/processed/frames/778/w00041_f02.jpg,medium,1
1098,data/processed/frames/778/w00042_f00.jpg,high,2
1099,data/processed/frames/778/w00042_f01.jpg,high,2
1100,data/processed/frames/778/w00042_f02.jpg,high,2
1101,data/processed/frames/778/w00043_f00.jpg,high,2
1102,data/processed/frames/778/w00043_f01.jpg,high,2
1103,data/processed/frames/778/w00043_f02.jpg,high,2
1104,data/processed/frames/778/w00044_f00.jpg,high,2
1105,data/processed/frames/778/w00044_f01.jpg,high,2
1106,data/processed/frames/778/w00044_f02.jpg,high,2
1107,data/processed/frames/778/w00045_f00.jpg,medium,1
1108,data/processed/frames/778/w00045_f01.jpg,medium,1
1109,data/processed/frames/778/w00045_f02.jpg,medium,1
1110,data/processed/frames/778/w00046_f00.jpg,medium,1
1111,data/processed/frames/778/w00046_f01.jpg,medium,1
1112,data/processed/frames/778/w00046_f02.jpg,medium,1
1116,data/processed/frames/778/w00048_f00.jpg,low,0
1117,data/processed/frames/778/w00048_f01.jpg,low,0
1118,data/processed/frames/778/w00048_f02.jpg,low,0
1119,data/processed/frames/778/w00049_f00.jpg,low,0
1120,data/processed/frames/778/w00049_f01.jpg,low,0
1121,data/processed/frames/778/w00049_f02.jpg,low,0
1122,data/processed/frames/778/w00050_f00.jpg,low,0
1123,data/processed/frames/778/w00050_f01.jpg,low,0
1124,data/processed/frames/778/w00050_f02.jpg,low,0
1125,data/processed/frames/778/w00051_f00.jpg,low,0
1126,data/processed/frames/778/w00051_f01.jpg,low,0
1127,data/processed/frames/778/w00051_f02.jpg,low,0
1128,data/processed/frames/778/w00052_f00.jpg,low,0
1129,data/processed/frames/778/w00052_f01.jpg,low,0
1130,data/processed/frames/778/w00052_f02.jpg,low,0
1131,data/processed/frames/778/w00053_f00.jpg,medium,1
1132,data/processed/frames/778/w00053_f01.jpg,medium,1
1133,data/processed/frames/778/w00053_f02.jpg,medium,1
1134,data/processed/frames/778/w00054_f00.jpg,medium,1
1135,data/processed/frames/778/w00054_f01.jpg,medium,1
1136,data/processed/frames/778/w00054_f02.jpg,medium,1
1140,data/processed/frames/778/w00056_f00.jpg,medium,1
1141,data/processed/frames/778/w00056_f01.jpg,medium,1
1142,data/processed/frames/778/w00056_f02.jpg,medium,1
1146,data/processed/frames/778/w00058_f00.jpg,medium,1
1153,data/processed/frames/779/w00002_f00.jpg,high,2
1154,data/processed/frames/779/w00002_f01.jpg,high,2
1155,data/processed/frames/779/w00002_f02.jpg,high,2
1156,data/processed/frames/779/w00003_f00.jpg,high,2
1157,data/processed/frames/779/w00003_f01.jpg,high,2
1158,data/processed/frames/779/w00003_f02.jpg,high,2
1162,data/processed/frames/779/w00005_f00.jpg,high,2
1163,data/processed/frames/779/w00005_f01.jpg,high,2
1164,data/processed/frames/779/w00005_f02.jpg,high,2
1165,data/processed/frames/779/w00006_f00.jpg,medium,1
1166,data/processed/frames/779/w00006_f01.jpg,medium,1
1167,data/processed/frames/779/w00006_f02.jpg,medium,1
1168,data/processed/frames/779/w00007_f00.jpg,medium,1
1169,data/processed/frames/779/w00007_f01.jpg,medium,1
1170,data/processed/frames/779/w00007_f02.jpg,medium,1
1171,data/processed/frames/779/w00008_f00.jpg,medium,1
1172,data/processed/frames/779/w00008_f01.jpg,medium,1
1173,data/processed/frames/779/w00008_f02.jpg,medium,1
1180,data/processed/frames/779/w00011_f00.jpg,medium,1
1181,data/processed/frames/779/w00011_f01.jpg,medium,1
1182,data/processed/frames/779/w00011_f02.jpg,medium,1
1183,data/processed/frames/779/w00012_f00.jpg,medium,1
1184,data/processed/frames/779/w00012_f01.jpg,medium,1
1185,data/processed/frames/779/w00012_f02.jpg,medium,1
1192,data/processed/frames/779/w00015_f00.jpg,medium,1
1193,data/processed/frames/779/w00015_f01.jpg,medium,1
1194,data/processed/frames/779/w00015_f02.jpg,medium,1
1195,data/processed/frames/779/w00016_f00.jpg,medium,1
1196,data/processed/frames/779/w00016_f01.jpg,medium,1
1197,data/processed/frames/779/w00016_f02.jpg,medium,1
1198,data/processed/frames/779/w00017_f00.jpg,medium,1
1199,data/processed/frames/779/w00017_f01.jpg,medium,1
1200,data/processed/frames/779/w00017_f02.jpg,medium,1
1201,data/processed/frames/779/w00018_f00.jpg,medium,1
1202,data/processed/frames/779/w00018_f01.jpg,medium,1
1203,data/processed/frames/779/w00018_f02.jpg,medium,1
1204,data/processed/frames/779/w00019_f00.jpg,medium,1
1205,data/processed/frames/779/w00019_f01.jpg,medium,1
1206,data/processed/frames/779/w00019_f02.jpg,medium,1
1207,data/processed/frames/779/w00020_f00.jpg,medium,1
1208,data/processed/frames/779/w00020_f01.jpg,medium,1
1209,data/processed/frames/779/w00020_f02.jpg,medium,1
1210,data/processed/frames/779/w00021_f00.jpg,medium,1
1211,data/processed/frames/779/w00021_f01.jpg,medium,1
1212,data/processed/frames/779/w00021_f02.jpg,medium,1
1222,data/processed/frames/779/w00025_f00.jpg,medium,1
1223,data/processed/frames/779/w00025_f01.jpg,medium,1
1224,data/processed/frames/779/w00025_f02.jpg,medium,1
1225,data/processed/frames/779/w00026_f00.jpg,medium,1
1226,data/processed/frames/779/w00026_f01.jpg,medium,1
1227,data/processed/frames/779/w00026_f02.jpg,medium,1
1228,data/processed/frames/779/w00027_f00.jpg,medium,1
1229,data/processed/frames/779/w00027_f01.jpg,medium,1
1230,data/processed/frames/779/w00027_f02.jpg,medium,1
1231,data/processed/frames/779/w00028_f00.jpg,medium,1
1232,data/processed/frames/779/w00028_f01.jpg,medium,1
1233,data/processed/frames/779/w00028_f02.jpg,medium,1
1240,data/processed/frames/779/w00031_f00.jpg,medium,1
1241,data/processed/frames/779/w00031_f01.jpg,medium,1
1242,data/processed/frames/779/w00031_f02.jpg,medium,1
1243,data/processed/frames/779/w00032_f00.jpg,low,0
1244,data/processed/frames/779/w00032_f01.jpg,low,0
1245,data/processed/frames/779/w00032_f02.jpg,low,0
1249,data/processed/frames/779/w00034_f00.jpg,low,0
1250,data/processed/frames/779/w00034_f01.jpg,low,0
1251,data/processed/frames/779/w00034_f02.jpg,low,0
1252,data/processed/frames/779/w00035_f00.jpg,medium,1
1253,data/processed/frames/779/w00035_f01.jpg,medium,1
1254,data/processed/frames/779/w00035_f02.jpg,medium,1
1258,data/processed/frames/779/w00037_f00.jpg,low,0
1259,data/processed/frames/779/w00037_f01.jpg,low,0
1260,data/processed/frames/779/w00037_f02.jpg,low,0
1264,data/processed/frames/779/w00039_f00.jpg,low,0
1265,data/processed/frames/779/w00039_f01.jpg,low,0
1266,data/processed/frames/779/w00039_f02.jpg,low,0
1267,data/processed/frames/779/w00040_f00.jpg,medium,1
1268,data/processed/frames/779/w00040_f01.jpg,medium,1
1269,data/processed/frames/779/w00040_f02.jpg,medium,1
1270,data/processed/frames/779/w00041_f00.jpg,medium,1
1271,data/processed/frames/779/w00041_f01.jpg,medium,1
1272,data/processed/frames/779/w00041_f02.jpg,medium,1
1273,data/processed/frames/779/w00042_f00.jpg,medium,1
1274,data/processed/frames/779/w00042_f01.jpg,medium,1
1275,data/processed/frames/779/w00042_f02.jpg,medium,1
1276,data/processed/frames/779/w00043_f00.jpg,high,2
1277,data/processed/frames/779/w00043_f01.jpg,high,2
1278,data/processed/frames/779/w00043_f02.jpg,high,2
1285,data/processed/frames/779/w00046_f00.jpg,high,2
1286,data/processed/frames/779/w00046_f01.jpg,high,2
1287,data/processed/frames/779/w00046_f02.jpg,high,2
1288,data/processed/frames/779/w00047_f00.jpg,high,2
1289,data/processed/frames/779/w00047_f01.jpg,high,2
1290,data/processed/frames/779/w00047_f02.jpg,high,2
1294,data/processed/frames/779/w00049_f00.jpg,medium,1
1295,data/processed/frames/779/w00049_f01.jpg,medium,1
1296,data/processed/frames/779/w00049_f02.jpg,medium,1
1297,data/processed/frames/779/w00050_f00.jpg,medium,1
1298,data/processed/frames/779/w00050_f01.jpg,medium,1
1299,data/processed/frames/779/w00050_f02.jpg,medium,1
1300,data/processed/frames/779/w00051_f00.jpg,low,0
1301,data/processed/frames/779/w00051_f01.jpg,low,0
1302,data/processed/frames/779/w00051_f02.jpg,low,0
1303,data/processed/frames/779/w00052_f00.jpg,low,0
1304,data/processed/frames/779/w00052_f01.jpg,low,0
1305,data/processed/frames/779/w00052_f02.jpg,low,0
1306,data/processed/frames/779/w00053_f00.jpg,low,0
1307,data/processed/frames/779/w00053_f01.jpg,low,0
1308,data/processed/frames/779/w00053_f02.jpg,low,0
1309,data/processed/frames/779/w00054_f00.jpg,medium,1
1310,data/processed/frames/779/w00054_f01.jpg,medium,1
1311,data/processed/frames/779/w00054_f02.jpg,medium,1
1318,data/processed/frames/779/w00057_f00.jpg,low,0
1319,data/processed/frames/779/w00057_f01.jpg,low,0
1320,data/processed/frames/779/w00057_f02.jpg,low,0
1324,data/processed/frames/780/w00001_f00.jpg,medium,1
1325,data/processed/frames/780/w00001_f01.jpg,medium,1
1326,data/processed/frames/780/w00001_f02.jpg,medium,1
1327,data/processed/frames/780/w00002_f00.jpg,medium,1
1328,data/processed/frames/780/w00002_f01.jpg,medium,1
1329,data/processed/frames/780/w00002_f02.jpg,medium,1
1330,data/processed/frames/780/w00003_f00.jpg,medium,1
1331,data/processed/frames/780/w00003_f01.jpg,medium,1
1332,data/processed/frames/780/w00003_f02.jpg,medium,1
1336,data/processed/frames/780/w00005_f00.jpg,medium,1
1337,data/processed/frames/780/w00005_f01.jpg,medium,1
1338,data/processed/frames/780/w00005_f02.jpg,medium,1
1339,data/processed/frames/780/w00006_f00.jpg,high,2
1340,data/processed/frames/780/w00006_f01.jpg,high,2
1341,data/processed/frames/780/w00006_f02.jpg,high,2
1342,data/processed/frames/780/w00007_f00.jpg,high,2
1343,data/processed/frames/780/w00007_f01.jpg,high,2
1344,data/processed/frames/780/w00007_f02.jpg,high,2
1348,data/processed/frames/780/w00009_f00.jpg,medium,1
1349,data/processed/frames/780/w00009_f01.jpg,medium,1
1350,data/processed/frames/780/w00009_f02.jpg,medium,1
1351,data/processed/frames/780/w00010_f00.jpg,high,2
1352,data/processed/frames/780/w00010_f01.jpg,high,2
1353,data/processed/frames/780/w00010_f02.jpg,high,2
1354,data/processed/frames/780/w00011_f00.jpg,medium,1
1355,data/processed/frames/780/w00011_f01.jpg,medium,1
1356,data/processed/frames/780/w00011_f02.jpg,medium,1
1357,data/processed/frames/780/w00012_f00.jpg,medium,1
1358,data/processed/frames/780/w00012_f01.jpg,medium,1
1359,data/processed/frames/780/w00012_f02.jpg,medium,1
1363,data/processed/frames/780/w00014_f00.jpg,medium,1
1364,data/processed/frames/780/w00014_f01.jpg,medium,1
1365,data/processed/frames/780/w00014_f02.jpg,medium,1
1369,data/processed/frames/780/w00016_f00.jpg,medium,1
1370,data/processed/frames/780/w00016_f01.jpg,medium,1
1371,data/processed/frames/780/w00016_f02.jpg,medium,1
1372,data/processed/frames/780/w00017_f00.jpg,medium,1
1373,data/processed/frames/780/w00017_f01.jpg,medium,1
1374,data/processed/frames/780/w00017_f02.jpg,medium,1
1375,data/processed/frames/780/w00018_f00.jpg,medium,1
1376,data/processed/frames/780/w00018_f01.jpg,medium,1
1377,data/processed/frames/780/w00018_f02.jpg,medium,1
1378,data/processed/frames/780/w00019_f00.jpg,medium,1
1379,data/processed/frames/780/w00019_f01.jpg,medium,1
1380,data/processed/frames/780/w00019_f02.jpg,medium,1
1381,data/processed/frames/780/w00020_f00.jpg,high,2
1382,data/processed/frames/780/w00020_f01.jpg,high,2
1383,data/processed/frames/780/w00020_f02.jpg,high,2
1387,data/processed/frames/780/w00022_f00.jpg,medium,1
1388,data/processed/frames/780/w00022_f01.jpg,medium,1
1389,data/processed/frames/780/w00022_f02.jpg,medium,1
1393,data/processed/frames/780/w00024_f00.jpg,high,2
1394,data/processed/frames/780/w00024_f01.jpg,high,2
1395,data/processed/frames/780/w00024_f02.jpg,high,2
1396,data/processed/frames/780/w00025_f00.jpg,high,2
1397,data/processed/frames/780/w00025_f01.jpg,high,2
1398,data/processed/frames/780/w00025_f02.jpg,high,2
1399,data/processed/frames/780/w00026_f00.jpg,high,2
1400,data/processed/frames/780/w00026_f01.jpg,high,2
1401,data/processed/frames/780/w00026_f02.jpg,high,2
1405,data/processed/frames/780/w00028_f00.jpg,high,2
1406,data/processed/frames/780/w00028_f01.jpg,high,2
1407,data/processed/frames/780/w00028_f02.jpg,high,2
1414,data/processed/frames/780/w00031_f00.jpg,low,0
1415,data/processed/frames/780/w00031_f01.jpg,low,0
1416,data/processed/frames/780/w00031_f02.jpg,low,0
1417,data/processed/frames/780/w00032_f00.jpg,low,0
1418,data/processed/frames/780/w00032_f01.jpg,low,0
1419,data/processed/frames/780/w00032_f02.jpg,low,0
1420,data/processed/frames/780/w00033_f00.jpg,low,0
1421,data/processed/frames/780/w00033_f01.jpg,low,0
1422,data/processed/frames/780/w00033_f02.jpg,low,0
1426,data/processed/frames/780/w00035_f00.jpg,low,0
1427,data/processed/frames/780/w00035_f01.jpg,low,0
1428,data/processed/frames/780/w00035_f02.jpg,low,0
1429,data/processed/frames/780/w00036_f00.jpg,medium,1
1430,data/processed/frames/780/w00036_f01.jpg,medium,1
1431,data/processed/frames/780/w00036_f02.jpg,medium,1
1435,data/processed/frames/780/w00038_f00.jpg,low,0
1436,data/processed/frames/780/w00038_f01.jpg,low,0
1437,data/processed/frames/780/w00038_f02.jpg,low,0
1438,data/processed/frames/780/w00039_f00.jpg,medium,1
1439,data/processed/frames/780/w00039_f01.jpg,medium,1
1440,data/processed/frames/780/w00039_f02.jpg,medium,1
1441,data/processed/frames/780/w00040_f00.jpg,medium,1
1442,data/processed/frames/780/w00040_f01.jpg,medium,1
1443,data/processed/frames/780/w00040_f02.jpg,medium,1
1453,data/processed/frames/780/w00044_f00.jpg,high,2
1454,data/processed/frames/780/w00044_f01.jpg,high,2
1455,data/processed/frames/780/w00044_f02.jpg,high,2
1456,data/processed/frames/780/w00045_f00.jpg,high,2
1457,data/processed/frames/780/w00045_f01.jpg,high,2
1458,data/processed/frames/780/w00045_f02.jpg,high,2
1459,data/processed/frames/780/w00046_f00.jpg,high,2
1460,data/processed/frames/780/w00046_f01.jpg,high,2
1461,data/processed/frames/780/w00046_f02.jpg,high,2
1465,data/processed/frames/780/w00048_f00.jpg,high,2
1466,data/processed/frames/780/w00048_f01.jpg,high,2
1467,data/processed/frames/780/w00048_f02.jpg,high,2
1468,data/processed/frames/780/w00049_f00.jpg,medium,1
1469,data/processed/frames/780/w00049_f01.jpg,medium,1
1470,data/processed/frames/780/w00049_f02.jpg,medium,1
1471,data/processed/frames/780/w00050_f00.jpg,medium,1
1472,data/processed/frames/780/w00050_f01.jpg,medium,1
1473,data/processed/frames/780/w00050_f02.jpg,medium,1
1474,data/processed/frames/780/w00051_f00.jpg,low,0
1475,data/processed/frames/780/w00051_f01.jpg,low,0
1476,data/processed/frames/780/w00051_f02.jpg,low,0
1478,data/processed/frames/781/w00000_f00.jpg,high,2
1479,data/processed/frames/781/w00000_f01.jpg,high,2
1480,data/processed/frames/781/w00000_f02.jpg,high,2
1481,data/processed/frames/781/w00001_f00.jpg,high,2
1482,data/processed/frames/781/w00001_f01.jpg,high,2
1483,data/processed/frames/781/w00001_f02.jpg,high,2
1484,data/processed/frames/781/w00002_f00.jpg,medium,1
1485,data/processed/frames/781/w00002_f01.jpg,medium,1
1486,data/processed/frames/781/w00002_f02.jpg,medium,1
1487,data/processed/frames/781/w00003_f00.jpg,medium,1
1488,data/processed/frames/781/w00003_f01.jpg,medium,1
1489,data/processed/frames/781/w00003_f02.jpg,medium,1
1493,data/processed/frames/781/w00005_f00.jpg,medium,1
1494,data/processed/frames/781/w00005_f01.jpg,medium,1
1495,data/processed/frames/781/w00005_f02.jpg,medium,1
1496,data/processed/frames/781/w00006_f00.jpg,low,0
1497,data/processed/frames/781/w00006_f01.jpg,low,0
1498,data/processed/frames/781/w00006_f02.jpg,low,0
1502,data/processed/frames/781/w00008_f00.jpg,medium,1
1503,data/processed/frames/781/w00008_f01.jpg,medium,1
1504,data/processed/frames/781/w00008_f02.jpg,medium,1
1511,data/processed/frames/781/w00011_f00.jpg,high,2
1512,data/processed/frames/781/w00011_f01.jpg,high,2
1513,data/processed/frames/781/w00011_f02.jpg,high,2
1514,data/processed/frames/781/w00012_f00.jpg,high,2
1515,data/processed/frames/781/w00012_f01.jpg,high,2
1516,data/processed/frames/781/w00012_f02.jpg,high,2
1517,data/processed/frames/781/w00013_f00.jpg,high,2
1518,data/processed/frames/781/w00013_f01.jpg,high,2
1519,data/processed/frames/781/w00013_f02.jpg,high,2
1520,data/processed/frames/781/w00014_f00.jpg,high,2
1521,data/processed/frames/781/w00014_f01.jpg,high,2
1522,data/processed/frames/781/w00014_f02.jpg,high,2
1532,data/processed/frames/781/w00018_f00.jpg,high,2
1533,data/processed/frames/781/w00018_f01.jpg,high,2
1534,data/processed/frames/781/w00018_f02.jpg,high,2
1535,data/processed/frames/781/w00019_f00.jpg,high,2
1536,data/processed/frames/781/w00019_f01.jpg,high,2
1537,data/processed/frames/781/w00019_f02.jpg,high,2
1541,data/processed/frames/781/w00021_f00.jpg,high,2
1542,data/processed/frames/781/w00021_f01.jpg,high,2
1543,data/processed/frames/781/w00021_f02.jpg,high,2
1547,data/processed/frames/781/w00023_f00.jpg,medium,1
1548,data/processed/frames/781/w00023_f01.jpg,medium,1
1549,data/processed/frames/781/w00023_f02.jpg,medium,1
1550,data/processed/frames/781/w00024_f00.jpg,medium,1
1551,data/processed/frames/781/w00024_f01.jpg,medium,1
1552,data/processed/frames/781/w00024_f02.jpg,medium,1
1553,data/processed/frames/781/w00025_f00.jpg,medium,1
1554,data/processed/frames/781/w00025_f01.jpg,medium,1
1555,data/processed/frames/781/w00025_f02.jpg,medium,1
1559,data/processed/frames/781/w00027_f00.jpg,low,0
1560,data/processed/frames/781/w00027_f01.jpg,low,0
1561,data/processed/frames/781/w00027_f02.jpg,low,0
1562,data/processed/frames/781/w00028_f00.jpg,low,0
1563,data/processed/frames/781/w00028_f01.jpg,low,0
1564,data/processed/frames/781/w00028_f02.jpg,low,0
1571,data/processed/frames/781/w00031_f00.jpg,medium,1
1572,data/processed/frames/781/w00031_f01.jpg,medium,1
1573,data/processed/frames/781/w00031_f02.jpg,medium,1
1574,data/processed/frames/781/w00032_f00.jpg,medium,1
1575,data/processed/frames/781/w00032_f01.jpg,medium,1
1576,data/processed/frames/781/w00032_f02.jpg,medium,1
1577,data/processed/frames/781/w00033_f00.jpg,medium,1
1578,data/processed/frames/781/w00033_f01.jpg,medium,1
1579,data/processed/frames/781/w00033_f02.jpg,medium,1
1580,data/processed/frames/781/w00034_f00.jpg,medium,1
1581,data/processed/frames/781/w00034_f01.jpg,medium,1
1582,data/processed/frames/781/w00034_f02.jpg,medium,1
1583,data/processed/frames/781/w00035_f00.jpg,medium,1
1584,data/processed/frames/781/w00035_f01.jpg,medium,1
1585,data/processed/frames/781/w00035_f02.jpg,medium,1
1586,data/processed/frames/781/w00036_f00.jpg,high,2
1587,data/processed/frames/781/w00036_f01.jpg,high,2
1588,data/processed/frames/781/w00036_f02.jpg,high,2
1589,data/processed/frames/781/w00037_f00.jpg,high,2
1590,data/processed/frames/781/w00037_f01.jpg,high,2
1591,data/processed/frames/781/w00037_f02.jpg,high,2
1592,data/processed/frames/781/w00038_f00.jpg,high,2
1593,data/processed/frames/781/w00038_f01.jpg,high,2
1594,data/processed/frames/781/w00038_f02.jpg,high,2
1595,data/processed/frames/781/w00039_f00.jpg,high,2
1596,data/processed/frames/781/w00039_f01.jpg,high,2
1597,data/processed/frames/781/w00039_f02.jpg,high,2
1601,data/processed/frames/781/w00041_f00.jpg,medium,1
1602,data/processed/frames/781/w00041_f01.jpg,medium,1
1603,data/processed/frames/781/w00041_f02.jpg,medium,1
1604,data/processed/frames/781/w00042_f00.jpg,medium,1
1605,data/processed/frames/781/w00042_f01.jpg,medium,1
1606,data/processed/frames/781/w00042_f02.jpg,medium,1
1610,data/processed/frames/781/w00044_f00.jpg,low,0
1611,data/processed/frames/781/w00044_f01.jpg,low,0
1612,data/processed/frames/781/w00044_f02.jpg,low,0
1613,data/processed/frames/781/w00045_f00.jpg,low,0
1614,data/processed/frames/781/w00045_f01.jpg,low,0
1615,data/processed/frames/781/w00045_f02.jpg,low,0
1616,data/processed/frames/781/w00046_f00.jpg,medium,1
1617,data/processed/frames/781/w00046_f01.jpg,medium,1
1618,data/processed/frames/781/w00046_f02.jpg,medium,1
1619,data/processed/frames/781/w00047_f00.jpg,medium,1
1620,data/processed/frames/781/w00047_f01.jpg,medium,1
1621,data/processed/frames/781/w00047_f02.jpg,medium,1
1622,data/processed/frames/781/w00048_f00.jpg,medium,1
1623,data/processed/frames/781/w00048_f01.jpg,medium,1
1624,data/processed/frames/781/w00048_f02.jpg,medium,1
1625,data/processed/frames/781/w00049_f00.jpg,low,0
1626,data/processed/frames/781/w00049_f01.jpg,low,0
1627,data/processed/frames/781/w00049_f02.jpg,low,0
1634,data/processed/frames/781/w00052_f00.jpg,medium,1
1635,data/processed/frames/781/w00052_f01.jpg,medium,1
1636,data/processed/frames/781/w00052_f02.jpg,medium,1
1640,data/processed/frames/781/w00054_f00.jpg,medium,1
1641,data/processed/frames/781/w00054_f01.jpg,medium,1
1642,data/processed/frames/781/w00054_f02.jpg,medium,1
1643,data/processed/frames/781/w00055_f00.jpg,medium,1
1644,data/processed/frames/781/w00055_f01.jpg,medium,1
1645,data/processed/frames/781/w00055_f02.jpg,medium,1
1649,data/processed/frames/781/w00057_f00.jpg,medium,1
1650,data/processed/frames/781/w00057_f01.jpg,medium,1
1651,data/processed/frames/781/w00057_f02.jpg,medium,1
1652,data/processed/frames/782/w00000_f00.jpg,high,2
1653,data/processed/frames/782/w00000_f01.jpg,high,2
1654,data/processed/frames/782/w00000_f02.jpg,high,2
1655,data/processed/frames/782/w00001_f00.jpg,high,2
1656,data/processed/frames/782/w00001_f01.jpg,high,2
1657,data/processed/frames/782/w00001_f02.jpg,high,2
1658,data/processed/frames/782/w00002_f00.jpg,high,2
1659,data/processed/frames/782/w00002_f01.jpg,high,2
1660,data/processed/frames/782/w00002_f02.jpg,high,2
1661,data/processed/frames/782/w00003_f00.jpg,high,2
1662,data/processed/frames/782/w00003_f01.jpg,high,2
1663,data/processed/frames/782/w00003_f02.jpg,high,2
1670,data/processed/frames/782/w00006_f00.jpg,medium,1
1671,data/processed/frames/782/w00006_f01.jpg,medium,1
1672,data/processed/frames/782/w00006_f02.jpg,medium,1
1676,data/processed/frames/782/w00008_f00.jpg,medium,1
1677,data/processed/frames/782/w00008_f01.jpg,medium,1
1678,data/processed/frames/782/w00008_f02.jpg,medium,1
1685,data/processed/frames/782/w00011_f00.jpg,medium,1
1686,data/processed/frames/782/w00011_f01.jpg,medium,1
1687,data/processed/frames/782/w00011_f02.jpg,medium,1
1688,data/processed/frames/782/w00012_f00.jpg,low,0
1689,data/processed/frames/782/w00012_f01.jpg,low,0
1690,data/processed/frames/782/w00012_f02.jpg,low,0
1691,data/processed/frames/782/w00013_f00.jpg,low,0
1692,data/processed/frames/782/w00013_f01.jpg,low,0
1693,data/processed/frames/782/w00013_f02.jpg,low,0
1694,data/processed/frames/782/w00014_f00.jpg,low,0
1695,data/processed/frames/782/w00014_f01.jpg,low,0
1696,data/processed/frames/782/w00014_f02.jpg,low,0
1703,data/processed/frames/782/w00017_f00.jpg,high,2
1704,data/processed/frames/782/w00017_f01.jpg,high,2
1705,data/processed/frames/782/w00017_f02.jpg,high,2
1706,data/processed/frames/782/w00018_f00.jpg,high,2
1707,data/processed/frames/782/w00018_f01.jpg,high,2
1708,data/processed/frames/782/w00018_f02.jpg,high,2
1709,data/processed/frames/782/w00019_f00.jpg,high,2
1710,data/processed/frames/782/w00019_f01.jpg,high,2
1711,data/processed/frames/782/w00019_f02.jpg,high,2
1712,data/processed/frames/782/w00020_f00.jpg,high,2
1713,data/processed/frames/782/w00020_f01.jpg,high,2
1714,data/processed/frames/782/w00020_f02.jpg,high,2
1715,data/processed/frames/782/w00021_f00.jpg,high,2
1716,data/processed/frames/782/w00021_f01.jpg,high,2
1717,data/processed/frames/782/w00021_f02.jpg,high,2
1721,data/processed/frames/782/w00023_f00.jpg,medium,1
1722,data/processed/frames/782/w00023_f01.jpg,medium,1
1723,data/processed/frames/782/w00023_f02.jpg,medium,1
1730,data/processed/frames/782/w00026_f00.jpg,medium,1
1731,data/processed/frames/782/w00026_f01.jpg,medium,1
1732,data/processed/frames/782/w00026_f02.jpg,medium,1
1733,data/processed/frames/782/w00027_f00.jpg,medium,1
1734,data/processed/frames/782/w00027_f01.jpg,medium,1
1735,data/processed/frames/782/w00027_f02.jpg,medium,1
1736,data/processed/frames/782/w00028_f00.jpg,medium,1
1737,data/processed/frames/782/w00028_f01.jpg,medium,1
1738,data/processed/frames/782/w00028_f02.jpg,medium,1
1739,data/processed/frames/782/w00029_f00.jpg,medium,1
1740,data/processed/frames/782/w00029_f01.jpg,medium,1
1741,data/processed/frames/782/w00029_f02.jpg,medium,1
1742,data/processed/frames/782/w00030_f00.jpg,medium,1
1743,data/processed/frames/782/w00030_f01.jpg,medium,1
1744,data/processed/frames/782/w00030_f02.jpg,medium,1
1745,data/processed/frames/782/w00031_f00.jpg,medium,1
1746,data/processed/frames/782/w00031_f01.jpg,medium,1
1747,data/processed/frames/782/w00031_f02.jpg,medium,1
1748,data/processed/frames/782/w00032_f00.jpg,medium,1
1749,data/processed/frames/782/w00032_f01.jpg,medium,1
1750,data/processed/frames/782/w00032_f02.jpg,medium,1
1754,data/processed/frames/782/w00034_f00.jpg,high,2
1755,data/processed/frames/782/w00034_f01.jpg,high,2
1756,data/processed/frames/782/w00034_f02.jpg,high,2
1760,data/processed/frames/782/w00036_f00.jpg,high,2
1761,data/processed/frames/782/w00036_f01.jpg,high,2
1762,data/processed/frames/782/w00036_f02.jpg,high,2
1763,data/processed/frames/782/w00037_f00.jpg,high,2
1764,data/processed/frames/782/w00037_f01.jpg,high,2
1765,data/processed/frames/782/w00037_f02.jpg,high,2
1766,data/processed/frames/782/w00038_f00.jpg,high,2
1767,data/processed/frames/782/w00038_f01.jpg,high,2
1768,data/processed/frames/782/w00038_f02.jpg,high,2
1769,data/processed/frames/782/w00039_f00.jpg,high,2
1770,data/processed/frames/782/w00039_f01.jpg,high,2
1771,data/processed/frames/782/w00039_f02.jpg,high,2
1772,data/processed/frames/782/w00040_f00.jpg,high,2
1773,data/processed/frames/782/w00040_f01.jpg,high,2
1774,data/processed/frames/782/w00040_f02.jpg,high,2
1781,data/processed/frames/782/w00043_f00.jpg,medium,1
1782,data/processed/frames/782/w00043_f01.jpg,medium,1
1783,data/processed/frames/782/w00043_f02.jpg,medium,1
1784,data/processed/frames/782/w00044_f00.jpg,low,0
1785,data/processed/frames/782/w00044_f01.jpg,low,0
1786,data/processed/frames/782/w00044_f02.jpg,low,0
1787,data/processed/frames/782/w00045_f00.jpg,low,0
1788,data/processed/frames/782/w00045_f01.jpg,low,0
1789,data/processed/frames/782/w00045_f02.jpg,low,0
1790,data/processed/frames/782/w00046_f00.jpg,low,0
1791,data/processed/frames/782/w00046_f01.jpg,low,0
1792,data/processed/frames/782/w00046_f02.jpg,low,0
1793,data/processed/frames/782/w00047_f00.jpg,medium,1
1794,data/processed/frames/782/w00047_f01.jpg,medium,1
1795,data/processed/frames/782/w00047_f02.jpg,medium,1
1796,data/processed/frames/782/w00048_f00.jpg,medium,1
1797,data/processed/frames/782/w00048_f01.jpg,medium,1
1798,data/processed/frames/782/w00048_f02.jpg,medium,1
1799,data/processed/frames/782/w00049_f00.jpg,medium,1
1800,data/processed/frames/782/w00049_f01.jpg,medium,1
1801,data/processed/frames/782/w00049_f02.jpg,medium,1
1802,data/processed/frames/782/w00050_f00.jpg,medium,1
1803,data/processed/frames/782/w00050_f01.jpg,medium,1
1804,data/processed/frames/782/w00050_f02.jpg,medium,1
1805,data/processed/frames/782/w00051_f00.jpg,medium,1
1806,data/processed/frames/782/w00051_f01.jpg,medium,1
1807,data/processed/frames/782/w00051_f02.jpg,medium,1
1808,data/processed/frames/782/w00052_f00.jpg,medium,1
1809,data/processed/frames/782/w00052_f01.jpg,medium,1
1810,data/processed/frames/782/w00052_f02.jpg,medium,1
1811,data/processed/frames/782/w00053_f00.jpg,medium,1
1812,data/processed/frames/782/w00053_f01.jpg,medium,1
1813,data/processed/frames/782/w00053_f02.jpg,medium,1
1817,data/processed/frames/782/w00055_f00.jpg,medium,1
1818,data/processed/frames/782/w00055_f01.jpg,medium,1
1819,data/processed/frames/782/w00055_f02.jpg,medium,1
1820,data/processed/frames/782/w00056_f00.jpg,medium,1
1821,data/processed/frames/782/w00056_f01.jpg,medium,1
1822,data/processed/frames/782/w00056_f02.jpg,medium,1
1823,data/processed/frames/782/w00057_f00.jpg,medium,1
1824,data/processed/frames/782/w00057_f01.jpg,medium,1
1825,data/processed/frames/782/w00057_f02.jpg,medium,1
1832,data/processed/frames/783/w00002_f00.jpg,high,2
1833,data/processed/frames/783/w00002_f01.jpg,high,2
1834,data/processed/frames/783/w00002_f02.jpg,high,2
1835,data/processed/frames/783/w00003_f00.jpg,medium,1
1836,data/processed/frames/783/w00003_f01.jpg,medium,1
1837,data/processed/frames/783/w00003_f02.jpg,medium,1
1838,data/processed/frames/783/w00004_f00.jpg,medium,1
1839,data/processed/frames/783/w00004_f01.jpg,medium,1
1840,data/processed/frames/783/w00004_f02.jpg,medium,1
1841,data/processed/frames/783/w00005_f00.jpg,low,0
1842,data/processed/frames/783/w00005_f01.jpg,low,0
1843,data/processed/frames/783/w00005_f02.jpg,low,0
1847,data/processed/frames/783/w00007_f00.jpg,low,0
1848,data/processed/frames/783/w00007_f01.jpg,low,0
1849,data/processed/frames/783/w00007_f02.jpg,low,0
1850,data/processed/frames/783/w00008_f00.jpg,low,0
1851,data/processed/frames/783/w00008_f01.jpg,low,0
1852,data/processed/frames/783/w00008_f02.jpg,low,0
1856,data/processed/frames/783/w00010_f00.jpg,medium,1
1857,data/processed/frames/783/w00010_f01.jpg,medium,1
1858,data/processed/frames/783/w00010_f02.jpg,medium,1
1859,data/processed/frames/783/w00011_f00.jpg,medium,1
1860,data/processed/frames/783/w00011_f01.jpg,medium,1
1861,data/processed/frames/783/w00011_f02.jpg,medium,1
1862,data/processed/frames/783/w00012_f00.jpg,medium,1
1863,data/processed/frames/783/w00012_f01.jpg,medium,1
1864,data/processed/frames/783/w00012_f02.jpg,medium,1
1871,data/processed/frames/783/w00015_f00.jpg,medium,1
1872,data/processed/frames/783/w00015_f01.jpg,medium,1
1873,data/processed/frames/783/w00015_f02.jpg,medium,1
1874,data/processed/frames/783/w00016_f00.jpg,medium,1
1875,data/processed/frames/783/w00016_f01.jpg,medium,1
1876,data/processed/frames/783/w00016_f02.jpg,medium,1
1880,data/processed/frames/783/w00018_f00.jpg,high,2
1881,data/processed/frames/783/w00018_f01.jpg,high,2
1882,data/processed/frames/783/w00018_f02.jpg,high,2
1883,data/processed/frames/783/w00019_f00.jpg,high,2
1884,data/processed/frames/783/w00019_f01.jpg,high,2
1885,data/processed/frames/783/w00019_f02.jpg,high,2
1886,data/processed/frames/783/w00020_f00.jpg,high,2
1887,data/processed/frames/783/w00020_f01.jpg,high,2
1888,data/processed/frames/783/w00020_f02.jpg,high,2
1889,data/processed/frames/783/w00021_f00.jpg,high,2
1890,data/processed/frames/783/w00021_f01.jpg,high,2
1891,data/processed/frames/783/w00021_f02.jpg,high,2
1892,data/processed/frames/783/w00022_f00.jpg,high,2
1893,data/processed/frames/783/w00022_f01.jpg,high,2
1894,data/processed/frames/783/w00022_f02.jpg,high,2
1895,data/processed/frames/783/w00023_f00.jpg,high,2
1896,data/processed/frames/783/w00023_f01.jpg,high,2
1897,data/processed/frames/783/w00023_f02.jpg,high,2
1898,data/processed/frames/783/w00024_f00.jpg,high,2
1899,data/processed/frames/783/w00024_f01.jpg,high,2
1900,data/processed/frames/783/w00024_f02.jpg,high,2
1907,data/processed/frames/783/w00027_f00.jpg,medium,1
1908,data/processed/frames/783/w00027_f01.jpg,medium,1
1909,data/processed/frames/783/w00027_f02.jpg,medium,1
1913,data/processed/frames/783/w00029_f00.jpg,low,0
1914,data/processed/frames/783/w00029_f01.jpg,low,0
1915,data/processed/frames/783/w00029_f02.jpg,low,0
1916,data/processed/frames/783/w00030_f00.jpg,low,0
1917,data/processed/frames/783/w00030_f01.jpg,low,0
1918,data/processed/frames/783/w00030_f02.jpg,low,0
1922,data/processed/frames/783/w00032_f00.jpg,medium,1
1923,data/processed/frames/783/w00032_f01.jpg,medium,1
1924,data/processed/frames/783/w00032_f02.jpg,medium,1
1928,data/processed/frames/783/w00034_f00.jpg,medium,1
1929,data/processed/frames/783/w00034_f01.jpg,medium,1
1930,data/processed/frames/783/w00034_f02.jpg,medium,1
1931,data/processed/frames/783/w00035_f00.jpg,medium,1
1932,data/processed/frames/783/w00035_f01.jpg,medium,1
1933,data/processed/frames/783/w00035_f02.jpg,medium,1
1934,data/processed/frames/783/w00036_f00.jpg,medium,1
1935,data/processed/frames/783/w00036_f01.jpg,medium,1
1936,data/processed/frames/783/w00036_f02.jpg,medium,1
1937,data/processed/frames/783/w00037_f00.jpg,medium,1
1938,data/processed/frames/783/w00037_f01.jpg,medium,1
1939,data/processed/frames/783/w00037_f02.jpg,medium,1
1940,data/processed/frames/783/w00038_f00.jpg,medium,1
1941,data/processed/frames/783/w00038_f01.jpg,medium,1
1942,data/processed/frames/783/w00038_f02.jpg,medium,1
1943,data/processed/frames/783/w00039_f00.jpg,medium,1
1944,data/processed/frames/783/w00039_f01.jpg,medium,1
1945,data/processed/frames/783/w00039_f02.jpg,medium,1
1946,data/processed/frames/783/w00040_f00.jpg,medium,1
1947,data/processed/frames/784/w00000_f00.jpg,medium,1
1948,data/processed/frames/784/w00000_f01.jpg,medium,1
1949,data/processed/frames/784/w00000_f02.jpg,medium,1
1953,data/processed/frames/784/w00002_f00.jpg,low,0
1954,data/processed/frames/784/w00002_f01.jpg,low,0
1955,data/processed/frames/784/w00002_f02.jpg,low,0
1956,data/processed/frames/784/w00003_f00.jpg,medium,1
1957,data/processed/frames/784/w00003_f01.jpg,medium,1
1958,data/processed/frames/784/w00003_f02.jpg,medium,1
1959,data/processed/frames/784/w00004_f00.jpg,medium,1
1960,data/processed/frames/784/w00004_f01.jpg,medium,1
1961,data/processed/frames/784/w00004_f02.jpg,medium,1
1968,data/processed/frames/784/w00007_f00.jpg,low,0
1969,data/processed/frames/784/w00007_f01.jpg,low,0
1970,data/processed/frames/784/w00007_f02.jpg,low,0
1971,data/processed/frames/784/w00008_f00.jpg,low,0
1972,data/processed/frames/784/w00008_f01.jpg,low,0
1973,data/processed/frames/784/w00008_f02.jpg,low,0
1974,data/processed/frames/784/w00009_f00.jpg,low,0
1975,data/processed/frames/784/w00009_f01.jpg,low,0
1976,data/processed/frames/784/w00009_f02.jpg,low,0
1977,data/processed/frames/784/w00010_f00.jpg,medium,1
1978,data/processed/frames/784/w00010_f01.jpg,medium,1
1979,data/processed/frames/784/w00010_f02.jpg,medium,1
1980,data/processed/frames/784/w00011_f00.jpg,medium,1
1981,data/processed/frames/784/w00011_f01.jpg,medium,1
1982,data/processed/frames/784/w00011_f02.jpg,medium,1
1983,data/processed/frames/784/w00012_f00.jpg,medium,1
1984,data/processed/frames/784/w00012_f01.jpg,medium,1
1985,data/processed/frames/784/w00012_f02.jpg,medium,1
1986,data/processed/frames/784/w00013_f00.jpg,medium,1
1987,data/processed/frames/784/w00013_f01.jpg,medium,1
1988,data/processed/frames/784/w00013_f02.jpg,medium,1
1989,data/processed/frames/784/w00014_f00.jpg,medium,1
1990,data/processed/frames/784/w00014_f01.jpg,medium,1
1991,data/processed/frames/784/w00014_f02.jpg,medium,1
1992,data/processed/frames/784/w00015_f00.jpg,medium,1
1993,data/processed/frames/784/w00015_f01.jpg,medium,1
1994,data/processed/frames/784/w00015_f02.jpg,medium,1
2007,data/processed/frames/784/w00020_f00.jpg,low,0
2008,data/processed/frames/784/w00020_f01.jpg,low,0
2009,data/processed/frames/784/w00020_f02.jpg,low,0
2013,data/processed/frames/784/w00022_f00.jpg,medium,1
2014,data/processed/frames/784/w00022_f01.jpg,medium,1
2015,data/processed/frames/784/w00022_f02.jpg,medium,1
2016,data/processed/frames/784/w00023_f00.jpg,medium,1
2017,data/processed/frames/784/w00023_f01.jpg,medium,1
2018,data/processed/frames/784/w00023_f02.jpg,medium,1
2019,data/processed/frames/784/w00024_f00.jpg,medium,1
2020,data/processed/frames/784/w00024_f01.jpg,medium,1
2021,data/processed/frames/784/w00024_f02.jpg,medium,1
2022,data/processed/frames/784/w00025_f00.jpg,medium,1
2023,data/processed/frames/784/w00025_f01.jpg,medium,1
2024,data/processed/frames/784/w00025_f02.jpg,medium,1
2025,data/processed/frames/784/w00026_f00.jpg,medium,1
2026,data/processed/frames/784/w00026_f01.jpg,medium,1
2027,data/processed/frames/784/w00026_f02.jpg,medium,1
2034,data/processed/frames/784/w00029_f00.jpg,high,2
2035,data/processed/frames/784/w00029_f01.jpg,high,2
2036,data/processed/frames/784/w00029_f02.jpg,high,2
2037,data/processed/frames/784/w00030_f00.jpg,high,2
2038,data/processed/frames/784/w00030_f01.jpg,high,2
2039,data/processed/frames/784/w00030_f02.jpg,high,2
2040,data/processed/frames/784/w00031_f00.jpg,high,2
2041,data/processed/frames/784/w00031_f01.jpg,high,2
2042,data/processed/frames/784/w00031_f02.jpg,high,2
2046,data/processed/frames/784/w00033_f00.jpg,high,2
2047,data/processed/frames/784/w00033_f01.jpg,high,2
2048,data/processed/frames/784/w00033_f02.jpg,high,2
2049,data/processed/frames/784/w00034_f00.jpg,high,2
2050,data/processed/frames/784/w00034_f01.jpg,high,2
2051,data/processed/frames/784/w00034_f02.jpg,high,2
2052,data/processed/frames/784/w00035_f00.jpg,high,2
2053,data/processed/frames/784/w00035_f01.jpg,high,2
2054,data/processed/frames/784/w00035_f02.jpg,high,2
2058,data/processed/frames/784/w00037_f00.jpg,medium,1
2059,data/processed/frames/784/w00037_f01.jpg,medium,1
2060,data/processed/frames/784/w00037_f02.jpg,medium,1
2061,data/processed/frames/784/w00038_f00.jpg,medium,1
2062,data/processed/frames/784/w00038_f01.jpg,medium,1
2063,data/processed/frames/784/w00038_f02.jpg,medium,1
2067,data/processed/frames/784/w00040_f00.jpg,medium,1
2068,data/processed/frames/784/w00040_f01.jpg,medium,1
2069,data/processed/frames/784/w00040_f02.jpg,medium,1
2073,data/processed/frames/784/w00042_f00.jpg,medium,1
2074,data/processed/frames/784/w00042_f01.jpg,medium,1
2075,data/processed/frames/784/w00042_f02.jpg,medium,1
2082,data/processed/frames/784/w00045_f00.jpg,medium,1
2083,data/processed/frames/784/w00045_f01.jpg,medium,1
2084,data/processed/frames/784/w00045_f02.jpg,medium,1
2085,data/processed/frames/784/w00046_f00.jpg,medium,1
2086,data/processed/frames/784/w00046_f01.jpg,medium,1
2087,data/processed/frames/784/w00046_f02.jpg,medium,1
2088,data/processed/frames/784/w00047_f00.jpg,medium,1
2089,data/processed/frames/784/w00047_f01.jpg,medium,1
2090,data/processed/frames/784/w00047_f02.jpg,medium,1
2094,data/processed/frames/784/w00049_f00.jpg,medium,1
2095,data/processed/frames/784/w00049_f01.jpg,medium,1
2096,data/processed/frames/784/w00049_f02.jpg,medium,1
2103,data/processed/frames/784/w00052_f00.jpg,high,2
2104,data/processed/frames/784/w00052_f01.jpg,high,2
2105,data/processed/frames/784/w00052_f02.jpg,high,2
2106,data/processed/frames/784/w00053_f00.jpg,high,2
2107,data/processed/frames/784/w00053_f01.jpg,high,2
2108,data/processed/frames/784/w00053_f02.jpg,high,2
2115,data/processed/frames/784/w00056_f00.jpg,high,2
2116,data/processed/frames/784/w00056_f01.jpg,high,2
2117,data/processed/frames/784/w00056_f02.jpg,high,2
2118,data/processed/frames/784/w00057_f00.jpg,medium,1
2119,data/processed/frames/784/w00057_f01.jpg,medium,1
2120,data/processed/frames/784/w00057_f02.jpg,medium,1
2124,data/processed/frames/785/w00001_f00.jpg,low,0
2125,data/processed/frames/785/w00001_f01.jpg,low,0
2126,data/processed/frames/785/w00001_f02.jpg,low,0
2127,data/processed/frames/785/w00002_f00.jpg,low,0
2128,data/processed/frames/785/w00002_f01.jpg,low,0
2129,data/processed/frames/785/w00002_f02.jpg,low,0
2130,data/processed/frames/785/w00003_f00.jpg,low,0
2131,data/processed/frames/785/w00003_f01.jpg,low,0
2132,data/processed/frames/785/w00003_f02.jpg,low,0
2133,data/processed/frames/785/w00004_f00.jpg,medium,1
2134,data/processed/frames/785/w00004_f01.jpg,medium,1
2135,data/processed/frames/785/w00004_f02.jpg,medium,1
2136,data/processed/frames/785/w00005_f00.jpg,medium,1
2137,data/processed/frames/785/w00005_f01.jpg,medium,1
2138,data/processed/frames/785/w00005_f02.jpg,medium,1
2139,data/processed/frames/785/w00006_f00.jpg,medium,1
2140,data/processed/frames/785/w00006_f01.jpg,medium,1
2141,data/processed/frames/785/w00006_f02.jpg,medium,1
2142,data/processed/frames/785/w00007_f00.jpg,medium,1
2143,data/processed/frames/785/w00007_f01.jpg,medium,1
2144,data/processed/frames/785/w00007_f02.jpg,medium,1
2148,data/processed/frames/785/w00009_f00.jpg,high,2
2149,data/processed/frames/785/w00009_f01.jpg,high,2
2150,data/processed/frames/785/w00009_f02.jpg,high,2
2157,data/processed/frames/785/w00012_f00.jpg,high,2
2158,data/processed/frames/785/w00012_f01.jpg,high,2
2159,data/processed/frames/785/w00012_f02.jpg,high,2
2163,data/processed/frames/785/w00014_f00.jpg,high,2
2164,data/processed/frames/785/w00014_f01.jpg,high,2
2165,data/processed/frames/785/w00014_f02.jpg,high,2
2166,data/processed/frames/785/w00015_f00.jpg,high,2
2167,data/processed/frames/785/w00015_f01.jpg,high,2
2168,data/processed/frames/785/w00015_f02.jpg,high,2
2169,data/processed/frames/785/w00016_f00.jpg,high,2
2170,data/processed/frames/785/w00016_f01.jpg,high,2
2171,data/processed/frames/785/w00016_f02.jpg,high,2
2175,data/processed/frames/785/w00018_f00.jpg,high,2
2176,data/processed/frames/785/w00018_f01.jpg,high,2
2177,data/processed/frames/785/w00018_f02.jpg,high,2
2178,data/processed/frames/785/w00019_f00.jpg,medium,1
2179,data/processed/frames/785/w00019_f01.jpg,medium,1
2180,data/processed/frames/785/w00019_f02.jpg,medium,1
2181,data/processed/frames/785/w00020_f00.jpg,medium,1
2182,data/processed/frames/785/w00020_f01.jpg,medium,1
2183,data/processed/frames/785/w00020_f02.jpg,medium,1
2184,data/processed/frames/785/w00021_f00.jpg,medium,1
2185,data/processed/frames/785/w00021_f01.jpg,medium,1
2186,data/processed/frames/785/w00021_f02.jpg,medium,1
2193,data/processed/frames/785/w00024_f00.jpg,medium,1
2194,data/processed/frames/785/w00024_f01.jpg,medium,1
2195,data/processed/frames/785/w00024_f02.jpg,medium,1
2205,data/processed/frames/785/w00028_f00.jpg,medium,1
2206,data/processed/frames/785/w00028_f01.jpg,medium,1
2207,data/processed/frames/785/w00028_f02.jpg,medium,1
2208,data/processed/frames/785/w00029_f00.jpg,medium,1
2209,data/processed/frames/785/w00029_f01.jpg,medium,1
2210,data/processed/frames/785/w00029_f02.jpg,medium,1
2211,data/processed/frames/785/w00030_f00.jpg,medium,1
2212,data/processed/frames/785/w00030_f01.jpg,medium,1
2213,data/processed/frames/785/w00030_f02.jpg,medium,1
2214,data/processed/frames/785/w00031_f00.jpg,medium,1
2215,data/processed/frames/785/w00031_f01.jpg,medium,1
2216,data/processed/frames/785/w00031_f02.jpg,medium,1
2220,data/processed/frames/785/w00033_f00.jpg,medium,1
2221,data/processed/frames/785/w00033_f01.jpg,medium,1
2222,data/processed/frames/785/w00033_f02.jpg,medium,1
2223,data/processed/frames/785/w00034_f00.jpg,high,2
2224,data/processed/frames/785/w00034_f01.jpg,high,2
2225,data/processed/frames/785/w00034_f02.jpg,high,2
2226,data/processed/frames/785/w00035_f00.jpg,high,2
2227,data/processed/frames/785/w00035_f01.jpg,high,2
2228,data/processed/frames/785/w00035_f02.jpg,high,2
2232,data/processed/frames/785/w00037_f00.jpg,medium,1
2233,data/processed/frames/785/w00037_f01.jpg,medium,1
2234,data/processed/frames/785/w00037_f02.jpg,medium,1
2235,data/processed/frames/785/w00038_f00.jpg,medium,1
2236,data/processed/frames/785/w00038_f01.jpg,medium,1
2237,data/processed/frames/785/w00038_f02.jpg,medium,1
2238,data/processed/frames/785/w00039_f00.jpg,medium,1
2239,data/processed/frames/785/w00039_f01.jpg,medium,1
2240,data/processed/frames/785/w00039_f02.jpg,medium,1
2244,data/processed/frames/785/w00041_f00.jpg,medium,1
2245,data/processed/frames/785/w00041_f01.jpg,medium,1
2246,data/processed/frames/785/w00041_f02.jpg,medium,1
2247,data/processed/frames/785/w00042_f00.jpg,low,0
2248,data/processed/frames/785/w00042_f01.jpg,low,0
2249,data/processed/frames/785/w00042_f02.jpg,low,0
2250,data/processed/frames/785/w00043_f00.jpg,low,0
2251,data/processed/frames/785/w00043_f01.jpg,low,0
2252,data/processed/frames/785/w00043_f02.jpg,low,0
2253,data/processed/frames/785/w00044_f00.jpg,low,0
2254,data/processed/frames/785/w00044_f01.jpg,low,0
2255,data/processed/frames/785/w00044_f02.jpg,low,0
2262,data/processed/frames/785/w00047_f00.jpg,medium,1
2263,data/processed/frames/785/w00047_f01.jpg,medium,1
2264,data/processed/frames/785/w00047_f02.jpg,medium,1
2265,data/processed/frames/785/w00048_f00.jpg,medium,1
2266,data/processed/frames/785/w00048_f01.jpg,medium,1
2267,data/processed/frames/785/w00048_f02.jpg,medium,1
2268,data/processed/frames/785/w00049_f00.jpg,medium,1
2269,data/processed/frames/785/w00049_f01.jpg,medium,1
2270,data/processed/frames/785/w00049_f02.jpg,medium,1
2271,data/processed/frames/785/w00050_f00.jpg,medium,1
2272,data/processed/frames/785/w00050_f01.jpg,medium,1
2273,data/processed/frames/785/w00050_f02.jpg,medium,1
2274,data/processed/frames/785/w00051_f00.jpg,medium,1
2275,data/processed/frames/785/w00051_f01.jpg,medium,1
2276,data/processed/frames/785/w00051_f02.jpg,medium,1
2280,data/processed/frames/785/w00053_f00.jpg,high,2
2281,data/processed/frames/785/w00053_f01.jpg,high,2
2282,data/processed/frames/785/w00053_f02.jpg,high,2
2283,data/processed/frames/785/w00054_f00.jpg,high,2
2284,data/processed/frames/785/w00054_f01.jpg,high,2
2285,data/processed/frames/785/w00054_f02.jpg,high,2
2292,data/processed/frames/785/w00057_f00.jpg,medium,1
2293,data/processed/frames/785/w00057_f01.jpg,medium,1
2294,data/processed/frames/785/w00057_f02.jpg,medium,1
2295,data/processed/frames/785/w00058_f00.jpg,low,0
